,author,counts,date,sometext,time,title
0,Олег Данилов,   11  , 28.07.2018 в 11:00 ," Новая маркетинговая стратегия Games Workshop, подразумевающая более агрессивное использование лицензий Warhammer и Warhammer 40K, стала приносить свои плоды. Разработчики видеоигр наконец-то начали…", Обновлено: 28.07.2018 в 15:22 ," Warhammer 40,000: Gladius – Relics of War – когда говорят болтеры"
1,Олег Данилов,   4  , 28.07.2018 в 09:00 ," Godzilla: City on the Edge of Battle – вторая часть анимационной трилогии про Годзиллу от Polygon Pictures, Toho Animation и Netflix, и прямой сиквел фильма Godzilla: Planet of the Monsters. К сожалению, продолжение недалеко ушло от…", Обновлено: 26.07.2018 в 17:28 , Godzilla: City on the Edge of Battle / «Годзилла: Город на краю битвы»
2,Вадим Карпусь,   16  , 27.07.2018 в 20:31 ," В то время как на рынке увеличивается популярность умных колонок с поддержкой виртуальных помощников, компания Lenovo решила выпустить умный дисплей с поддержкой Google Assistant. Новинка получила…", Обновлено: 27.07.2018 в 20:28 , Lenovo анонсировала устройство Smart Display с Google Assistant
3,Вадим Карпусь,   18  , 27.07.2018 в 19:48 ," Как ожидается, официальная презентация смартфонов Meizu 16 и Meizu 16 Plus состоится 30 июля. Но ещё до этого события благодаря очередной утечке из TENAA удалось узнать практически полные технические…", Обновлено: 27.07.2018 в 18:39 , Характеристики смартфонов Meizu 16 и 16 Plus опубликованы накануне официальной презентации
4,Сергей Кулеш,   29  , 27.07.2018 в 19:25 ," Обычно производители беспроводных наушников-вкладышей стараются сделать их как можно более компактными и незаметными, чтобы «затычка» практически полностью размещалась в углублении…", Обновлено: 27.07.2018 в 18:38 , Беспроводные наушники Star Trek Wireless Vulcan Earbuds превращают своего владельца в Спока из «Звездного пути»
5,Вадим Карпусь,   30  , 27.07.2018 в 18:53 ," Компания Xiaomi обновила модельный ряд смартфонов и выпустила модификацию Xiaomi Mi 8 SE с увеличенным объёмом памяти. Изначально, на момент презентации, смартфон Xiaomi Mi 8 SE предлагался в…", Обновлено: 27.07.2018 в 18:38 , Выпущен смартфон Xiaomi Mi 8 SE в конфигурации 6 ГБ ОЗУ и 128 ГБ встроенной памяти по цене $338
6,Сергей Кулеш,   24  , 27.07.2018 в 18:36 ," Оператор мобильной связи lifecell объявил, что на сегодняшний день 4G-cвязью в диапазоне 1800 МГц уже охвачено 1194 населенных пункта Украины. Только на этой неделе 4G был запущен в ряде западных…", Обновлено: 27.07.2018 в 18:25 ," lifecell покрыл 4G-сетью в диапазоне 1800 МГц порядка 1200 населенных пунктов, в которых проживают 17 млн ​​украинцев"
7,Сергей Кулеш,   58  , 27.07.2018 в 18:19 ," Кому-то дурацкие шутки выходят боком, как например уволенному с поста режиссера «Стражей Галактики 3» Джеймсу Ганну, а кто-то строит на них карьеру и зарабатывает деньги. Так, поднявшийся…", Обновлено: 27.07.2018 в 18:14 ," Райан Рейнольдс спродюсирует фильм Stoned Alone / «Один под кайфом», который является взрослой версией семейной комедии «Один дома»"
8,Сергей Кулеш,   16  , 27.07.2018 в 18:04 ," Когда Huawei представила фирменную технологию ускорения графики GPU Turbo, предполагалось, что ее получат только новые модели смартфонов. Однако разработчики не стали жадничать и объявили о том,…", Обновлено: 27.07.2018 в 17:37 ,Что случилось с клавиатурой MacBook?
9,Сергей Кулеш,   71  , 27.07.2018 в 17:52 ," Немецкий автопроизводитель Audi официально объявил, что официальная презентация первого электромобиля компании e-tron состоится 17 сентября 2018 года в Сан-Франциско. В этот же день американцы…", Обновлено: 27.07.2018 в 17:38 ,Некоторые владельцы ноутбуков Apple MacBook Pro 2016 года сообщают о проблемах с клавиатурой
10,Вадим Карпусь,   8  , 27.07.2018 в 17:44 ," По данным отчёта аналитической компании Canalys, на протяжении второго квартала 2018 года компания Apple смогла реализовать около 3,5 млн своих умных часов. Это на 30% превышает показатель…", Обновлено: 27.07.2018 в 17:37 ,Против Apple подали коллективный иск из-за проблем с клавиатурой ноутбуков MacBook и MacBook Pro
11,Вадим Карпусь,   143  , 27.07.2018 в 17:39 ," Эстония стала первой европейской страной, которая ввела бесплатный проезд в общественном транспорте почти на всей территории страны. С начала июля в 11 из 15 регионов страны пассажиры могут…", Обновлено: 27.07.2018 в 17:39 ,Apple признала проблемы в клавиатуре ноутбуков MacBook и Macbook Pro
12,Владимир Скрипин,   19  , 27.07.2018 в 17:35 ," Вместе с другими опубликовал квартальный отчет и Amazon. Для крупнейшего в мире онлайнового магазина завершился второй квартал 2018 года. Операционный денежный поток, первым делом упомянутый в…", Обновлено: 27.07.2018 в 17:35 ,Apple обновила ноутбуки MacBook Pro с Touch Bar новыми процессорами Intel и более тихой клавиатурой
13,Владимир Скрипин,   98  , 27.07.2018 в 16:59 ," Компания Intel, в технологическом лидерстве которой еще недавно никто не сомневался, застряла, причем капитально. Отвечая на вопросы во время конференц-звонка, посвященного итогам минувшего…", Обновлено: 27.07.2018 в 17:43 ,"iFixit: под видом снижения шума, Apple добавила в клавиатуру новых MacBook Pro защиту от попадания мусора"
14,Тарас Мищенко,   34  , 27.07.2018 в 16:55 ," В модельном ряду ASUS последние два года не было действительно топового смартфона, компания выпускала функциональные и доступные решения. Но она не могла вечно игнорировать флагманский…", Обновлено: 27.07.2018 в 21:36 ,Apple не будет заменять «залипающие» клавиатуры старых MacBook Pro на модели нового поколения
15,Вадим Карпусь,   53  , 27.07.2018 в 16:01 ," Суперкомпьютер IBM Watson предоставлял небезопасные рекомендации по лечению больных раком в одном из онкологических центров. Судя по данным доклада, Watson, которого рассматривали в качестве…", Обновлено: 27.07.2018 в 15:44 ," Huawei добавит поддержку технологии разгона графики GPU Turbo даже в старые смартфоны, включая Honor 6X (2016)"
16,Роман Мельниченко,   62  , 27.07.2018 в 16:00 ," 25-26 июля проходила всеукраинская презентация нового Hyundai Santa Fe: крупный семейный кроссовер, который всегда отличался завидным простором и комфортом, плюс гуманной ценой. А что сейчас? Какие…", Обновлено: 28.07.2018 в 08:28 , Официальная презентация серийного электрокроссовера Audi e-tron пройдет 17 сентября в Сан-Франциско
17,Владимир Скрипин,   19  , 27.07.2018 в 15:34 ," Криптовалютная лихорадка давно прошла, но Google продолжает бороться с определенными ее проявлениями. Недавно поисковый гигант обновил политику своего магазина Play Store и расширил список…", Обновлено: 27.07.2018 в 17:33 ," Во втором квартале Apple смогла реализовать 3,5 млн умных часов"
18,Сергей Кулеш,   8  , 27.07.2018 в 14:29 ," Nintendo представила новый дополнительный набор моделей Toy-Con 3: Vehicle Kit для своего картонного конструктора Labo. С помощью данного проекта игроки смогут собрать различные органы управления машиной,…", Обновлено: 27.07.2018 в 14:29 ," Эстония отменила плату за проезд в городских автобусах, чтобы стимулировать использование общественного транспорта с целью защиты окружающей среды"
19,Вадим Карпусь,   14  , 27.07.2018 в 14:04 ," Сервис Humble Bundle предлагает своим пользователям возможность бесплатно получить игру Guns of Icarus Alliance. Guns of Icarus Alliance – это игра в жанре многопользовательского симулятора боевого дирижабля,…", Обновлено: 27.07.2018 в 14:25 ," Квартальная чистая прибыль Amazon выросла в 12 раз и поставила новый рекорд, гигант онлайновой торговли стал еще ближе к рубежу в $1 трлн рыночной капитализации"
20,Реклама,   36  , 27.07.2018 в 13:55 ," 18 июля компания Huawei представила обновленную линейку среднего ценового сегмента Huawei Nova. Она представлена двумя моделями смартфонов, Nova3 и Nova3i. Поговаривают, что на европейском рынке будет…", Обновлено: 27.07.2018 в 13:52 ," Когда Intel только начнет переходить с техпроцесса 14 нм на 10 нм, AMD уже будет вовсю продавать 7-нанометровые CPU"
21,Владимир Скрипин,   84  , 27.07.2018 в 13:32 ," В Украине появилось новое бесплатное мобильное приложение Autogram. И это мессенджер, который в первую очередь нацелен на автомобилистов, хотя он также может заинтересовать и остальных. Как и в…", Обновлено: 27.07.2018 в 14:12 , Обзор смартфона ASUS ZenFone 5z
22,Антон Поздняков,   0  , 27.07.2018 в 13:04 ," Где и когда смотреть лунное затмение, что означает обнаружение жидкой воды на Марсе, можно ли заменить политиков с помощью ИИ и очередные запуски ракет. iTunes | Spotify | Скачать Темы [00:00:33] ⋅⋅⋅…", Обновлено: 27.07.2018 в 13:04 , Суперкомпьютер IBM Watson давал небезопасные рекомендации по лечению больных раком из-за некорректных исходных данных
23,Сергей Кулеш,   129  , 27.07.2018 в 12:59 ," Серия юмористических роликов Ingenius, в которых Samsung высмеивает недостатки смартфонов iPhone, постепенно превращается в полноценный сериал. Несколько часов назад вышли еще три серии первого…", Обновлено: 27.07.2018 в 20:41 ,Самые важные анонсы конференции Apple WWDC 2018
24,Вадим Карпусь,   15  , 27.07.2018 в 12:35 ," По данным сразу нескольких источников, грядущий порт игры Fortnite для Android будет представлен одновременно с презентацией нового смартфона Samsung Galaxy Note9. При этом игра может на 30 дней стать…", Обновлено: 27.07.2018 в 12:35 , Игра Fortnite для Android может стать эксклюзивом для Galaxy Note9 сроком на один месяц
25,Владимир Скрипин,   59  , 27.07.2018 в 11:41 ," Уже на следующей неделе Electronic Arts запустит новый игровой подписочный сервис Origin Access Premier. Служба заработает в грядущий понедельник, 30 июля. Стоимость подписки на этот сервис составит $14,99 за…", Обновлено: 27.07.2018 в 13:24 , EA запустит сервис Origin Access Premier с неограниченным доступом ко всем играм 30 июля
26,Реклама,   15  , 27.07.2018 в 11:10 ," У Києві відбулося відкриття сучасної лабораторії хімічного аналізу Public Lab. Лабораторія надаватиме доступні послуги із проведення всіх видів аналізів, необхідних для контролю якості…", Обновлено: 27.07.2018 в 11:07 , Public Lab перша лабораторія для потреб киян P
27,Сергей Кулеш,   104  , 27.07.2018 в 10:53 ," Сегодня, 27 июля 2018 года, «Киевстар» включил мобильный интернет четвертого поколения по технологии LTE еще в 457 населенных пунктах в восьми областях Украины. Так, услуги 4G стали доступны…", Обновлено: 27.07.2018 в 10:58 , «Киевстар» увеличил территорию покрытия 4G на 457 населенных пунктов в восьми областях Украины
28,Вадим Карпусь,   9  , 27.07.2018 в 10:39 , Недавно представленный смартфон Oppo Find X с инновационной моторизированной секцией с камерами попал в руки известного разрушителя гаджетов JerryRigEverything. Он провёл ряд традиционных тестов и…, Обновлено: 27.07.2018 в 10:13 , Слишком хрупкий: Смартфон Oppo Find X провалил тест на сгибание
29,Олег Касич,   57  , 27.07.2018 в 10:15 ," Потенциальные владельцы топовых процессоров зачастую изначально планируют покупку эффективного охладителя, выделяя необходимые бюджеты. Когда же речь идет о чипах начального или даже…", Обновлено: 27.07.2018 в 10:12 , Обзор процессорных кулеров Aardwolf Performa 3X и Performa 5X
30,Владимир Скрипин,   10  , 27.07.2018 в 10:02 ," Планшет Samsung Galaxy Tab S4 в последнее время все чаще фигурирует в разного рода утечках. Устройству приписывают дисплей диагональю 10,5 дюйма, SoC Snapdragon 835 и аккумулятор емкостью 7300 мА·ч. В сети уже…", Обновлено: 27.07.2018 в 10:02 ," Планшет Samsung Galaxy Tab S4 засветился на видео, его анонс ожидается вместе с Galaxy Note9 в Нью-Йорке"
31,Владимир Скрипин,   13  , 27.07.2018 в 09:29 ," Одновременно со многими другими компаниями, у которых календарный год совпадает с финансовым, отчет за второй квартал 2018 года опубликовала компания Intel, которая недавно лишилась CEO. Отчетный…", Обновлено: 27.07.2018 в 09:12 , Чистая прибыль Intel выросла почти вдвое
32,Игорь Мозуль,   39  , 27.07.2018 в 09:09 ," Virgin Galactic неоднократно заявляла, что в текущем году её космоплан VSS Unity достигнет космоса и, похоже компания всё-таки сумеет реализовать задуманное. В четверг, 26 июля, был успешно осуществлён…", Обновлено: 27.07.2018 в 08:49 , Космоплан VSS Unity совершил третий полет и поднялся на рекордную высоту в 52 км
33,Владимир Скрипин,   68  , 27.07.2018 в 08:32 ," На этой неделе китайский промышленный гигант Xiaomi выпустил свой самый дорогой продукт. И это, как многие уже догадались, не смартфон и даже не телевизор, а… полный набор мебели для дома. Судя…", Обновлено: 27.07.2018 в 08:32 , Xiaomi выпустила свой самый дорогостоящий продукт
34,Игорь Мозуль,   120  , 27.07.2018 в 08:01 ," Команда разработчиков Telegram выпустила новую версию своего мессенджера для мобильных платформ с индексом 4.9, в которой появился Telegram Passport – унифицированный метод авторизации в сервисах,…", Обновлено: 27.07.2018 в 07:26 , «Авторизация по паспорту»: Telegram официально запустил сервис Passport для хранения данных пользователей
35,Сергей Кулеш,   86  , 26.07.2018 в 21:07 ," Один из наиболее известных американских производителей одежды и аксессуаров Tommy Hilfiger выпустит линейку умной одежды Tommy Jeans Xplore, которая поощряет своего владельца почаще надевать ее. В…", Обновлено: 26.07.2018 в 21:13 ," Tommy Hilfiger представил коллекцию умной одежды Xplore, которая поощряет владельцев почаще надевать ее (и искать специальные места встреч бренд-амбассадоров)"
36,Сергей Кулеш,   21  , 26.07.2018 в 20:01 ," По данным осведомленных источников медиакомпании Nikkei, китайская компания Huawei рассчитывает во что бы то ни стало обогнать Samsung и первым выпустить свой гибкий смартфон на рынок. В этом ей…", Обновлено: 26.07.2018 в 20:01 ," Huawei планирует обогнать Samsung в гонке сгибаемых смартфонов, представив свою первую модель в самом начале 2019 года"
37,Вадим Карпусь,   32  , 26.07.2018 в 19:16 , Во время проведения заседания Совета финансовой стабильности была представлена концепция законодательного регулирования операций с криптовалютами в Украине. Её разработкой и…, Обновлено: 26.07.2018 в 18:51 , НКЦБФР представила концепцию законодательного регулирования операций с криптовалютами в Украине
38,Сергей Кулеш,   4  , 26.07.2018 в 18:55 ," Компания Samsung Electronics объявила сегодня о старте массового производства первых в полупроводниковой индустрии модулей оперативной памяти LPDDR4X (Low Power, Double Data Rate, 4X) второго поколения, выполненных…", Обновлено: 26.07.2018 в 18:55 , Samsung начал массовое производство второго поколения 10 нм ОЗУ для смартфонов LPDDR4X с меньшим энергопотреблением и габаритами
39,Владимир Скрипин,   86  , 26.07.2018 в 18:39 ," Samsung начала артподготовку анонса нового флагманского смартфона Galaxy Note9, который намечен на 9 августа. На канале южнокорейского гиганта в YouTube были опубликованы сразу три официальных…", Обновлено: 26.07.2018 в 18:43 , Samsung рекламирует большой аккумулятор и другие особенности смартфона Galaxy Note9
40,Вадим Карпусь,   106  , 26.07.2018 в 18:01 ," Очередная проблема обнаружилась в новых компьютерах компании Apple. Напомним, сразу же после начала продаж новых ноутбуков MacBook Pro с сенсорной панелью Touch Bar выяснилось, что штатная система…", Обновлено: 27.07.2018 в 09:02 , В новых компьютерах Apple MacBook Pro и iMac Pro начала проявляться ошибка «паника ядра» с последующей перезагрузкой системы
41,Сергей Кулеш,   21  , 26.07.2018 в 17:50 ," Только что в магазине контента Google Play вышло продолжение популярного мобильного платформера Alto’s Adventure. Игру Alto’s Odyssey можно загрузить бесплатно по следующей ссылке, но для того, чтобы…", Обновлено: 26.07.2018 в 17:47 ," Android-версия платформера Alto’s Odyssey доступна для загрузки бесплатно, но за отключение рекламы придется заплатить 55 грн"
42,Владимир Скрипин,   4  , 26.07.2018 в 17:38 ," Шведская компания Spotify, который в апреле вышла на биржу, сегодня опубликовала свой второй финансовый отчет. Для владельца одноименного музыкального стриминг-сервиса 30 июня завершился второй…", Обновлено: 26.07.2018 в 17:38 ," Пользовательская база Spotify превысила 180 млн человек, количество платных подписчиков выросло до 83 млн человек"
43,Вадим Карпусь,   27  , 26.07.2018 в 17:24 ," По словам финансового директора Qualcomm Джорджа Дэвиса, в iPhone нового поколения компания Apple не будет использовать модемы производства Qualcomm, а переключится на продукцию конкурента. Он не уточнил…", Обновлено: 26.07.2018 в 17:24 , Qualcomm: Apple перейдёт на использование модемов конкурента (Intel) для iPhone 2018 года
44,Сергей Кулеш,   24  , 26.07.2018 в 16:39 , Президент телесети HBO Кейси Блойс (Casey Bloys) в общении с журналистами раскрыл несколько подробностей о финальном сезоне сериала Game of Thrones / «Игра престолов» и будущем приквеле по данной…, Обновлено: 26.07.2018 в 16:41 ," HBO: Финальный сезон Game Of Thrones выйдет в первой половине 2019 года, а первый и единственный приквел начнут снимать не раньше следующего года"
45,Владимир Скрипин,   155  , 26.07.2018 в 16:11 ," Вне всякий сомнений, главное «достоинство» операционной системы Windows 10 — это способность обновляться, когда ей вздумается. И хотя еще в прошлом году разработчики добавили опцию отсрочки,…", Обновлено: 26.07.2018 в 16:11 ," Microsoft подключила машинное обучение, чтобы отучить Windows 10 перезагружать ПК, когда ей вздумается"
46,Сергей Кулеш,   62  , 26.07.2018 в 15:48 , Очередь на персонализацию загранпаспортов на полиграфкомбинате «Украина» полностью ликвидирована и документы выдаются в установленные законодательством сроки — в течение 7 или 20…, Обновлено: 26.07.2018 в 15:34 ," ГМС: Очередей на персонализацию биометрических загранпаспортов больше нет, все заказанные документы выдаются вовремя по всей Украине"
47,Вадим Карпусь,   12  , 26.07.2018 в 15:23 ," Во время проведения конференции Next компания Google анонсировала новое решение для обеспечения безопасности – Titan Security Key. На текущий момент оно доступно клиентам облачных сервисов Cloud, но на…", Обновлено: 26.07.2018 в 17:01 , Google анонсировала запуск физических ключей Titan Security Key для обеспечения безопасной авторизации
48,Сергей Кулеш,   33  , 26.07.2018 в 14:59 ," Украинский оператор мобильной связи lifecell подвел финансовые и операционные итоги деятельности за второй квартал 2018 года. Операционный доход lifecell за этот период увеличился на 8,8 % за год, до 1…", Обновлено: 26.07.2018 в 15:06 , lifecell объявил результаты деятельности за второй квартал 2018 года
49,Роман Мельниченко,   104  , 26.07.2018 в 14:30 ," Кроссовер Mitsubishi Eclipse Cross открывает новую страницу для марки в Украине: это самый технологичный и современный автомобиль в гамме Mitsubishi, этакий «маячок» для привлечения внимания клиентов в 2018-м…", Обновлено: 26.07.2018 в 14:30 ," Mitsubishi Eclipse Cross: не откровение, но большой шаг вперед"
50,Владимир Скрипин,   106  , 26.07.2018 в 14:17 ," В прошлом году на конференции Google I/O было объявлено, что в Google Drive насчитывается более 800 млн активных пользователей и более 2 трлн файлов. Сейчас же стало известно, что около 1 млрд людей по…", Обновлено: 26.07.2018 в 17:43 , Google Drive – восьмой продукт компании с более миллиардом активных пользователей
51,Сергей Кулеш,   14  , 26.07.2018 в 13:58 , По данным компании Киевстар ее абоненты продолжают активно использовать мобильную связь в роуминге — во втором квартале 2018 года таких пользователей стало на 63% больше в сравнении со…, Обновлено: 26.07.2018 в 13:27 , Киевстар: За последние два года использование мобильного интернета в роуминге выросло более чем в 15 раз
52,Сергей Кулеш,   44  , 26.07.2018 в 13:34 ," Компания Samsung Display заявила, что созданный ее специалистами «неразбиваемый OLED-экран» (Unbreakable Panel) сертифицирован лабораторией Underwriters Laboratories (UL), которая является официальным тестовым…", Обновлено: 26.07.2018 в 14:12 ," Samsung Display продемонстрировал сертифицированный «неразбиваемый» OLED-экран, который выдерживает удар молотком [видео]"
53,Владимир Скрипин,   6  , 26.07.2018 в 13:06 ," Помимо блокчейн-смартфона HTC Exodus в этом году мы, судя по всему, увидим еще одну модель от этого производителя, подробностями о которой поделился источник. Устройство проходит под кодовым…", Обновлено: 26.07.2018 в 14:12 , Опубликованы характеристики смартфона среднего уровня HTC U12 Life
54,Сергей Кулеш,   17  , 26.07.2018 в 12:45 ," До анонса новых смартфонов iPhone с более производительными процессорами Apple A12 остается чуть больше месяца, а производитель только решился прорекламировать свой предыдущий чип A11 Bionic. По…", Обновлено: 26.07.2018 в 12:24 ," Apple сняла рекламу процессора A11 Bionic, в которой герои игры Vainglory проникают в реальную жизнь [видео]"
55,Владимир Скрипин,   65  , 26.07.2018 в 12:18 ," Сегодня утром мы писали, что инвесторов последний квартальный отчет Facebook не впечатлил (рост выручки оказался недостаточно высоким), в результате чего акции крупнейшей соцсети обвалились…", Обновлено: 26.07.2018 в 14:12 , Марк Цукерберг потерял почти $17 млрд из-за недовольства инвесторов Facebook и рискует выбыть из тройки богатейших людей планеты
56,Владимир Скрипин,   15  , 26.07.2018 в 11:38 ," По предыдущим утечкам нам известно, самая младшая из трех новых моделей смартфонов iPhone, которые представят в сентябре этого года, тоже будет иметь вырез в верхней части экрана. Но именно этот…", Обновлено: 26.07.2018 в 11:38 , Самый доступный из новых смартфонов iPhone может задержаться до октября из-за проблем с производством ЖК-экранов с вырезом
57,Вадим Карпусь,   35  , 26.07.2018 в 11:11 , Компания Google выпустила последнюю предварительную тестовую версию операционной системы Android P — Android P Beta 4 (Developer Preview 5). Она включает окончательные функции и возможности операционной…, Обновлено: 26.07.2018 в 11:11 , Google выпустила последнюю предварительную версию Android P накануне официального релиза ОС
58,Владимир Скрипин,   37  , 26.07.2018 в 10:39 ," Facebook вчера отчиталась за второй квартал 2018 финансового года, который для нее, как и для многих других, завершился 30 июня. Забегая наперед, компания нарастила абсолютно все основные финансовые…", Обновлено: 26.07.2018 в 10:39 ," После публикации отличного квартального отчета акции Facebook резко обвалились более чем на 20%, в результате чего соцсеть потеряла $150 млрд"
59,Игорь Мозуль,   155  , 26.07.2018 в 10:03 ," Управление по санитарному надзору за качеством пищевых продуктов и медикаментов (FDA), наконец, признала искусственное мясо компании Impossible Burger безопасным для употребления в пищу. Ранее…", Обновлено: 26.07.2018 в 09:38 , FDA признало безопасными бургеры Impossible Burger с искусственным мясом
60,Реклама,   0  , 26.07.2018 в 10:00 ," 17 августа Академия интернет-маркетинга WebPromoExperts проведет бесплатную конференцию, посвященную контент-маркетингу, — Content Day. Спикеры мероприятия подготовили 15 докладов на основе реальных…", Обновлено: 25.07.2018 в 17:01 , WebPromoExperts приглашает на международную онлайн-конференцию Content Day P
61,Владимир Скрипин,   137  , 26.07.2018 в 09:34 , С 2015 года SpaceX вернула 27 первых ступеней Falcon 9 после запуска (14 из них были успешно использованы повторно) и теперь ее следующей задачей является отработка технологии возврата головного…, Обновлено: 26.07.2018 в 13:16 ," SpaceX увеличила сеть на судне-пауке в четыре раза, но поймать обтекатель ракеты Falcon 9 опять не удалось"
62,Вадим Карпусь,   26  , 26.07.2018 в 09:02 ," Уже завтра, 27 июля, произойдёт полное лунное затмение. Оно будет обладать целым рядом особенностей. Во-первых, это будет второе и последнее лунное затмение 2018 года. Первое затмение в этом году…", Обновлено: 26.07.2018 в 09:21 , 27 июля произойдёт самое длительное полное лунное затмение XXI века с рядом особенностей
63,Игорь Мозуль,   11  , 26.07.2018 в 08:31 ," Если раньше для проверки текста на грамматические ошибки приходилось использовать сторонние программы и расширения для браузера, например, тот же Grammarly, то теперь такая возможность…", Обновлено: 26.07.2018 в 08:19 , В Google Docs появилась проверка грамматики с использованием технологий машинного обучения
64,Владимир Скрипин,   84  , 26.07.2018 в 08:02 , В конце прошлого года Антимонопольный комитет Украины оштрафовал «Киевстар» примерно на 21 млн грн за вводящую в заблуждение информацию об условиях тарификации. На этой неделе стало…, Обновлено: 26.07.2018 в 10:46 , «Киевстар» не удалось отменить штраф АМКУ на 21 млн за обман абонентов с посекундной тарификацией
65,Сергей Кулеш,   13  , 25.07.2018 в 20:37 ," Фантастический сериал Humans / «Люди» о роботах-синтах, практически неотличимых от людей, переснимут для китайского рынка. На главные роли подписались местные звезды Рэй Ма Тяньюй (Ray Ma Tian-Yu)…", Обновлено: 25.07.2018 в 20:48 ," В Китае снимут собственную версию британского сериала Humans / «Люди» о роботах-андроидах, который в свою очередь является адаптацией шведского сериала"
66,Сергей Кулеш,   3  , 25.07.2018 в 19:51 ," Исполнительный директор Polestar (дочерняя компания Volvo) Джонатан Гудман в интервью изданию Autocar рассказал, чего стоит ждать от второго электромобиля бренда, продажи которого стартуют уже в…", Обновлено: 25.07.2018 в 20:42 ," Электрический седан Polestar 2 получит мощность 400 л.с., запас хода 560 км и ценник от $40 тыс. Он выйдет в 2019 году и будет конкурировать с Tesla Model 3"
67,Вадим Карпусь,   192  , 25.07.2018 в 19:04 ," Группа учёных заявила, что ей удалось обнаружить убедительные доказательства существования на Марсе огромного подземного водоносного горизонта, содержащего воду в жидком состоянии.…", Обновлено: 27.07.2018 в 09:02 ," Учёные обнаружили гигантский подземный резервуар с жидкой водой под поверхностью Марса, где может существовать жизнь"
68,Сергей Кулеш,   10  , 25.07.2018 в 18:36 ," После полутора месяцев бета-тестирования обновленного чата Steam, сервис открыл его для всех пользователей. Напомним, что новая версия чата разрабатывалась с оглядкой на Discord, благодаря чему…", Обновлено: 25.07.2018 в 18:28 , Сегодня Steam открыл обновленный чат для всех пользователей и анонсировал разработку аналогичного приложения для чатов на iPhone и Android
69,Владимир Скрипин,   24  , 25.07.2018 в 18:17 ," После нескольких месяцев разработки Microsoft наконец готова добавить в веб-версию почтовика Outlook.com темную тему оформления, которой разработчики дразнили в начале месяца. Начиная с сегодняшнего…", Обновлено: 25.07.2018 в 18:01 , Microsoft включила темную тему в Outlook.com
70,Сергей Кулеш,   11  , 25.07.2018 в 18:02 , Оператор мобильной связи Vodafone Украина 25 июля запустил 4G в диапазоне 1800 МГц в двух городах Закарпатья: в Ужгороде и Мукачево. АБоненты компании в двух самых крупных городах Закарпатской…, Обновлено: 25.07.2018 в 17:51 , Vodafone запустил 4G в диапазоне 1800 МГц в Ужгороде и Мукачево
71,Вадим Карпусь,   9  , 25.07.2018 в 17:49 ," Грядущие смартфоны Meizu 16 и Meizu 16 Plus засветились в базе данных китайского регулятора TENAA. Однако старший вице-президент компании Ли Нан посетовал, что изображения смартфонов в TENAA оказались не…", Обновлено: 25.07.2018 в 17:46 , Опубликованы официальные рендеры смартфонов Meizu 16 и Meizu 16 Plus — подтверждены вытянутые дисплеи без выреза
72,Владимир Скрипин,   64  , 25.07.2018 в 17:37 ," Что же, результаты независимого тестирования новых MacBook Pro после установки недавнего обновления macOS High Sierra 10.13.6 (17G2208), призванного решить проблему с чрезмерным троттлингом CPU, не заставили…", Обновлено: 25.07.2018 в 17:37 , Apple действительно исправила проблему с чрезмерным троттлингом CPU на новых MacBook Pro. Обновление прошивки оказалось даже эффективнее холодильника
73,Владимир Скрипин,   34  , 25.07.2018 в 17:14 ," Новый видеоролик с трехмерной моделью Xperia XZ3, который мы публиковали сегодня утром, поднял вопрос о том, какой на самом деле будет основная камера грядущего флагмана японского производителя.…", Обновлено: 25.07.2018 в 16:43 , У смартфона Sony Xperia XZ3 будет одинарная основная камера на 48 Мп
74,Сергей Кулеш,   164  , 25.07.2018 в 16:55 ," Национальная комиссия по вопросам регулирования связи и информатизации (НКРСИ) хочет уже в апреле следующего года выдать четырем мобильным операторам — Киевстару, Vodafone Ukraine, lifecell и…", Обновлено: 25.07.2018 в 17:14 ," НКРСИ предложила уже в 2019 году выдать 4G-лицензии на диапазон 800-900 МГц без тендера, путем перераспределения частот Киевстара, Vodafone, lifecell и Интертелекома"
75,Сергей Кулеш,   115  , 25.07.2018 в 16:44 ," В ближайшую пятницу, 27 июля 2018 года, компания Apple совместно с национальной сетью магазинов гаджетов и аксессуаров «Цитрус» открывают первый в Украине Apple Shop. Apple Shop – формат «магазина в…", Обновлено: 25.07.2018 в 17:28 , 27 июля в одесском МегаЦитрусе откроют первый в Украине магазин формата Apple Shop
76,Вадим Карпусь,   41  , 25.07.2018 в 16:31 ," Компания Nikon официально подтвердила циркулировавшие ранее слухи о намерении выпустить беззеркальную полнокадровую (формат Nikon FX) камеру. При этом оказалось, что компания представит сразу…", Обновлено: 25.07.2018 в 16:31 , Nikon официально подтвердила скорый выпуск беззеркальной полнокадровой камеры с новой системой крепления объективов
77,Сергей Кулеш,   56  , 25.07.2018 в 16:14 ," В магазине PlayStation Store стартовала «Летняя распродажа» в рамках которой Sony предлагает скидки на игры для PS4, PS VR, PS3 и PS Vita. В частности, по акционной цене можно купить такие проекты, как Horizon Zero Dawn,…", Обновлено: 25.07.2018 в 16:04 ," В магазине PlayStation Store стартовала «Летняя распродажа» со скидками на игры для PS4, PS VR, PS3 и PS Vita"
78,Максим Андрейчук,   84  , 25.07.2018 в 16:10 ," В борьбе за внимание и лояльность, а также деньги пользователей сражаются все и сразу — семимильными шагами функциональность наращивают что социальные сети, что мессенджеры. Говоря про…", Обновлено: 26.07.2018 в 14:15 , Обзор мессенджера BiP
79,Вадим Карпусь,   67  , 25.07.2018 в 15:59 ," Украинский стартап Pleatpack design совместно с Concepter запустил на Kickstarter кампанию по сбору средств, необходимых для выпуска многофункционального городского рюкзака Pleatpack. Основная идея заключается…", Обновлено: 25.07.2018 в 17:24 ," Украинский стартап успешно вышел на Kickstarter с проектом городского рюкзака Pleatpack, увеличивающегося в объёме на 450%"
80,Владимир Скрипин,   16  , 25.07.2018 в 15:47 ," Компания LG Display отчиталась о результатах своей деятельности за прошедший квартал, который завершился 30 июня 2018. Доход LG Display за отчетный период составил около $5 млрд. Этот результат…", Обновлено: 25.07.2018 в 15:47 , LG Display завершила квартал с убытками в размере $267 млн
81,Владимир Скрипин,   68  , 25.07.2018 в 15:03 , В обозримом будущем в Украине появится государственный портал «Відкритий бюджет для громадян». Министерство финансов Украины подписало договор с государственным учреждением «Відкриті…, Обновлено: 25.07.2018 в 15:02 ," Вскоре Минфин запустит сайт, где можно будет узнать, куда конкретно уходят налоги"
82,Сергей Кулеш,   8  , 25.07.2018 в 14:43 , С сентября 2018 года команда украинских ученых будет работать в кластерном проекте программы «EUREKA» «Future eHealth powered by 5G» — «Будущая электронная сфера здравоохранения на основе технологии 5G».…, Обновлено: 25.07.2018 в 14:58 ," Украинские ученые начинают работу в новом проекте европейской программы «EUREKA», посвященном электронной медицине с использованием 5G-технологий"
83,Вадим Карпусь,   9  , 25.07.2018 в 14:25 ," Разработчики браузера Firefox наконец оснастили его функцией блокирования автоматического воспроизведения аудио на сайтах. Такая возможность появилась в последних сборках Nightly. Добавим, эта…", Обновлено: 25.07.2018 в 14:58 ," В Firefox добавлена функция блокирования автоматического воспроизведения звука, но пока только в тестовых сборках"
84,Владимир Скрипин,   126  , 25.07.2018 в 13:56 ," Как известно, в Sid Meier’s Civilization VI, последней игре знаменитой стратегической серии, на выбор игроку доступны целых 34 цивилизаций (с учетом всех вышедших дополнений). В списке есть даже Грузия, а…", Обновлено: 25.07.2018 в 14:55 ," «Украину – в Civilization!»: Сооснователь Petcube начал кампанию, чтобы достучаться до разработчиков популярной стратегии"
85,Владимир Дяченко,   19  , 25.07.2018 в 13:50 ," С трудом можно представить себе современного человека, дома у которого не найдется ни одного гаджета с поддержкой внешних карт памяти или USB-накопителя. Формат карт памяти microSD получил…", Обновлено: 25.07.2018 в 13:45 , Знакомимся с картой памяти повышенной надёжности Samsung PRO Endurance и высокоскоростным USB флеш-накопителем Bar Plus
86,Сергей Кулеш,   17  , 25.07.2018 в 13:13 ," В воскресенье, 10 июня 2018 года, в 15:12 по киевскому времени одновременно начались 173 поездки и доставки, благодаря которым Uber преодолел рубеж в 10 миллиардов поездок. Эти 173 поездки произошли в 93…", Обновлено: 25.07.2018 в 13:13 ," Uber преодолел отметку в 10 миллиардов поездок, половину из которых совершили за последний год"
87,Вадим Карпусь,   13  , 25.07.2018 в 12:49 ," Исследователи из Массачусетского технологического института создали, вероятно, самых маленьких роботов. Они представляют собой микроскопические электронные схемы размером с обычную…", Обновлено: 25.07.2018 в 12:20 ," В MIT разработали крошечных роботов, сопоставимых по размерам с клеткой человека, которые способны искать заболевания внутри тела"
88,Владимир Скрипин,   6  , 25.07.2018 в 12:11 ," Компания Xiaomi, которая вчера представила новые смартфоны Xiaomi A2 и Mi A2 Lite на «голом» Android, достаточно часто добавляет существующим моделям новые конфигурации, отличающиеся объемами памяти.…", Обновлено: 25.07.2018 в 12:20 ," Смартфон Xiaomi Redmi Note 5 получил в два раза больше памяти, цена осталась прежней"
89,Владимир Скрипин,   47  , 25.07.2018 в 11:29 ," Как известно, Uber приостановила испытания беспилотных автомобилей после того, как в марте один из ее робомобилей насмерть сбил пешехода. И вот сейчас спустя четыре месяца после трагического…", Обновлено: 25.07.2018 в 12:32 ," Uber возобновляет испытания беспилотных автомобилей, но пока в ограниченном режиме с полностью ручным управлением"
90,Игорь Сушон,   233  , 25.07.2018 в 11:06 ," Когда-то продукт компании IBM, а сейчас Lenovo, ноутбуки ThinkPad считаются одними из лучших в своем классе. Они встречаются как в простых офисах, так и в космических программах NASA. Красная точка…", Обновлено: 25.07.2018 в 11:06 , Обзор ноутбука Lenovo ThinkPad T480s
91,Вадим Карпусь,   29  , 25.07.2018 в 10:51 ," Компания Toshiba подготовила к выпуску новую серию твердотельных накопителей XG6. Это будут первые SSD, основанные на 96-слойных 3D чипах флэш-памяти, которые способны хранить по 3 бита данных в…", Обновлено: 25.07.2018 в 10:46 , Toshiba анонсировала первые SSD на базе 96-слойных 3D чипов флэш-памяти
92,Вадим Карпусь,   6  , 25.07.2018 в 10:09 , Онлайн-аукцион eBay расширяет перечень поддерживаемых способов оплаты. Этой осенью пользователи сервиса смогут оплачивать покупки при помощи Apple Pay. Такая возможность будет реализована в…, Обновлено: 25.07.2018 в 10:09 , eBay добавит поддержку Apple Pay в качестве средства совершения платежа
93,Владимир Скрипин,   16  , 25.07.2018 в 09:38 ," На прошлой неделе Sony разослала по каналам СМИ приглашение на пресс-конференцию 30 августа в Берлине (в день открытия выставки IFA 2018), где ожидается анонс новых смартфонов Sony Xperia XZ3 и XZ3 Compact. В тот…", Обновлено: 25.07.2018 в 09:39 , Видеоролик демонстрирует трехмерную модель флагманского смартфона Sony Xperia XZ3
94,Игорь Мозуль,   21  , 25.07.2018 в 09:01 ," Британская компания Kano, которая выпускает обучающие компьютерные комплекты, представила новый набор Harry Potter Kano Coding Kit для обучения детей программированию с помощью волшебной палочки и…", Обновлено: 25.07.2018 в 11:01 , Kano выпустит детский набор для программирования по мотивам Гарри Поттера (волшебная палочка прилагается)
95,Игорь Мозуль,   18  , 25.07.2018 в 08:32 ," Пару месяцев назад мы писали о том, что Google меняет визуальное отображение в адресной строке своего браузера информации о соединении с сайтом с протоколами HTTP и HTTPS. В частности, такие…", Обновлено: 25.07.2018 в 08:03 , Chrome начал помечать незащищенные HTTP-соединения небезопасными
96,Владимир Скрипин,   165  , 25.07.2018 в 08:04 ," Компания Apple признала, что у новых MacBook Pro с мощными шестиядерными процессорами Intel i9 действительно есть проблема с чрезмерным троттлингом – механизмом тепловой защиты процессора с…", Обновлено: 25.07.2018 в 08:36 , Apple признала проблему с чрезмерным троттлингом у новых MacBook Pro и уже решила ее… обновлением ОС
97,Сергей Кулеш,   25  , 24.07.2018 в 20:18 ," К ряду мини-версий ретро-консолей и компьютеров (NES Classic, Mega Drive Mini, Famicom Mini) вскоре присоединится еще одна интересная модель — уже 9 октября фанаты ретро-гейминга смогут приобрести C64 Mini.…", Обновлено: 26.07.2018 в 12:28 ," В октябре в США стартуют продажи ретро-консоли C64 Mini, представляющей собой мини-версию ПК Commodore 64"
98,Сергей Кулеш,   23  , 24.07.2018 в 19:33 ," Криминальная драма «Джокер» с Хоакином Фениксом в главной роли продолжает обрастать подробностями. На прошлой неделе проект получил официальную дату релиза, а сейчас стало известно,…", Обновлено: 25.07.2018 в 10:21 , К фильму «Джокер» с Хоакином Фениксом в главной роли присоединится легендарный экранный гангстер Роберт Де Ниро
99,Сергей Кулеш,   18  , 24.07.2018 в 19:04 ," Недавно мы написали о концепте смартфона Huawei, который скрывает фронтальную камеру в отверстии дисплея. А сегодня в сети появилась информация о патенте Samsung, в котором разработчики предлагают…", Обновлено: 24.07.2018 в 19:01 , Samsung запатентовал смартфон с «загнутым» назад дисплеем и единственной фотокамерой
100,Вадим Карпусь,   41  , 24.07.2018 в 18:51 , Команда сервиса YouTube экспериментирует с новой функцией Explore. Она предназначена для облегчения поиска новых каналов и видео на платформе при просмотре с мобильных устройств. Данная функция…, Обновлено: 24.07.2018 в 19:32 , В мобильном приложении YouTube появится вкладка Explore для персонализированных рекомендаций роликов и каналов
101,Сергей Кулеш,   9  , 24.07.2018 в 18:12 , Компания ADATA Technology представила игровую клавиатуру XPG INFAREX K20 с подсветкой клавиш и механическими переключателями Kailh Blue. Благодаря механическим переключателям Kailh Blue геймеры почувствуют…, Обновлено: 24.07.2018 в 18:12 , ADATA представила геймерскую клавиатуру INFAREX K20 с механическими переключателями Kailh Blue
102,Вадим Карпусь,   102  , 24.07.2018 в 17:49 ," Около недели прошло с тех пор, как на компанию Google в Европе был наложен рекордный штраф в сумме $5 млрд за нарушение антимонопольного законодательства. И вот, Европейская Комиссия оштрафовала…", Обновлено: 24.07.2018 в 17:34 ," Еврокомиссия оштрафовала ASUS, Denon & Marantz, Philips и Pioneer за искусственное завышение цен на их продукцию"
103,Максим Андрейчук,   105  , 24.07.2018 в 17:40 ," Даже если вы десяток лет пользуетесь смартфонами, у вас все равно может возникнуть необходимость обзавестись «звонилкой». Сценарии использования могут быть самыми разными — перечислять не…", Обновлено: 24.07.2018 в 17:39 , Смартфон вместо «звонилки»: обзор Doogee X50 на Android Go
104,Сергей Кулеш,   58  , 24.07.2018 в 17:23 , Украинская телеком-компания lifecell и оператор сети Интернета вещей IoT Ukraine начинают построение первого сегмента Национальной сети Интернета вещей. Запуск в тестовую эксплуатацию сети…, Обновлено: 25.07.2018 в 08:50 , lifecell и IoT Ukraine начали разворачивать первую в Украине Национальную сеть Интернета вещей стандарта LoRaWan
105,Сергей Кулеш,   50  , 24.07.2018 в 17:07 ," Сегодня, 24 июля 2018 года, «королевская битва» Fortnite празднует свой первый день рождения. В честь этого события разработчики подготовили целый ряд уникальных косметических предметов,…", Обновлено: 24.07.2018 в 17:04 ," Fortnite празднует свой первый день рождения с помощью уникальных предметов, тортов, мини-игр и других новинок"
106,Сергей Кулеш,   72  , 24.07.2018 в 16:52 , Крупнейший оператор фиксированной связи Украины «Укртелеком» огласил результаты деятельности за второй квартал текущего года и сообщил о запланированном на осень повышении тарифов.…, Обновлено: 24.07.2018 в 16:34 , «Укртелеком» огласил результаты II квартала 2018 года и запланировал на осень очередное повышение тарифов
107,Владимир Скрипин,   49  , 24.07.2018 в 16:31 ," Холдинг Alphabet, в состав которого входит компания Google, сегодня отчитался за второй квартал 2018 финансового года. Период, который завершился 30 июня, принес холдингу впечатляющие $32,7 млрд дохода.…", Обновлено: 24.07.2018 в 16:31 ," Alphabet впечатляюще нарастил выручку (до $32,7 млрд), но прибыль сильно упала из-за недавнего штрафа Google на $5 млрд"
108,Сергей Кулеш,   15  , 24.07.2018 в 15:50 ," Изданию Thurrott удалось выяснить, что в данный момент Microsoft работает сразу над двумя различными версиями игровой консоли Xbox следующего поколения. Одна из них с кодовым именем «Scarlett» будет…", Обновлено: 24.07.2018 в 16:38 , Microsoft работает сразу над двумя консолями следующего поколения — обновленной Xbox Scarlett и дешевой стриминговой версией для сервиса XCloud
109,Сергей Кулеш,   44  , 24.07.2018 в 15:29 ," Федерация работодателей автомобильной отрасли Украины сообщила, что на основе анализа данных МВД за первое полугодие 2018 года в Украине было зарегистрировано 1788 автомобилей с электрическим…", Обновлено: 24.07.2018 в 15:15 , За первое полугодие 2018 года в Украине зарегистрировали рекордные 1788 электромобилей [инфографика]
110,Владимир Скрипин,   280  , 24.07.2018 в 15:03 ," Сегодня в рамках специального мероприятия в Барселоне компания Xiaomi представила долгожданные смартфоны Mi A2 и Mi A2 Lite, которые будут выпущены в рамках программы Android One и будут официально…", Обновлено: 24.07.2018 в 15:17 ," Смартфоны Xiaomi A2 и Mi A2 Lite представлены официально, цены оказались еще ниже предполагаемых"
111,Владимир Скрипин,   19  , 24.07.2018 в 14:29 ," Google обычно публикует статистику о распространенности всех версий ОС Android исправно – каждый месяц, но иногда случаются выпадения из привычного графика. Свежий отчет вышел вчера, хотя обычно…", Обновлено: 24.07.2018 в 13:57 ," С мая доля Android Oreo увеличилась более чем в два раза — до 12,1%, у Nougat год назад было 11,7%"
112,Сергей Кулеш,   13  , 24.07.2018 в 13:58 ," На выставке CES 2018 компания Samsung впервые продемонстрировала «The Wall» — модульный крупноформатный 146-дюймовый MicroLED-дисплей с 4K-разрешением. Вчера президент компании объявил, что Samsung…", Обновлено: 24.07.2018 в 15:57 ," В следующем году Samsung выпустит более тонкую версию своего MicroLED-дисплея The Wall, которая будет «дешевле, чем ожидается»"
113,Вадим Карпусь,   8  , 24.07.2018 в 13:31 ," Компания Google заявила о заключении партнёрского соглашения со стартапом Digital Asset, который занимается разработкой инструментов для создания приложений на базе блокчейн. Добавим, ранее Google уже…", Обновлено: 24.07.2018 в 13:31 , Google намерена внедрить технологию блокчейн в свои облачные сервисы
114,Владимир Скрипин,   6  , 24.07.2018 в 12:54 ," Более доступная цена – первое, что выделяет нынешние флагманские смартфоны Nokia 8 и Nokia 8 Sirocco на фоне конкурирующих моделей Apple, Samsung, Huawei и LG. Но, похоже, HMD Global, нынешний владелец бренда Nokia,…", Обновлено: 24.07.2018 в 12:41 , Новому флагману Nokia приписывают многомодульную камеру Light и цену в $1000
115,Вадим Карпусь,   167  , 24.07.2018 в 12:19 , Компания Intel постепенно готовится к презентации новых процессоров девятого поколения. Особенностью новой серии будет добавление бренда Core i9 и первых 8-ядерных чипов в массовую настольную…, Обновлено: 25.07.2018 в 09:40 ," Процессоры Intel 9-го поколения получат до 8 ядер, но серия Core i7 лишится поддержки HyperThreading"
116,Максим Андрейчук,   3  , 24.07.2018 в 12:05 ," Meizu 15 можно оценивать по-разному. Смартфон интересен и хорош в первую очередь тем, что отличается от большинства конкурентов дизайном — это и необычный корпус, и соотношение сторон экрана, и…", Обновлено: 24.07.2018 в 12:04 , Видеообзор Meizu 15
117,Владимир Скрипин,   99  , 24.07.2018 в 11:49 ," Сегодня, 24 июля, в Украине заработал еще один сервис бесконтактных платежей. Речь о системе Garmin Pay, которая выделяет устройства этого производителя на фоне моделей конкурентов. Впервые о…", Обновлено: 24.07.2018 в 11:49 , В Украине заработал платежный сервис Garmin Pay
118,Владимир Скрипин,   161  , 24.07.2018 в 11:25 ," Компания Nikon начала рекламную кампанию In Pursuit of Light, посвященную грядущему анонсу первой беззеркальной камеры новой системы. Японский производитель запустил специальный сайт и выложил там…", Обновлено: 24.07.2018 в 11:25 ," Nikon начал дразнить общественность грядущим анонсом беззеркальной камеры системы Nikon Z, опубликовано ее первое фото"
119,Реклама,   18  , 24.07.2018 в 11:15 , Сервис доставки посылок путешественниками TravelPost удивил своих создателей. Предназначенный в первую очередь для перевозок внутри Украины он становится международной почтой. Разработчики…, Обновлено: 24.07.2018 в 11:13 , Доставка посылок попутчиками TravelPost выходит за пределы Украины P
120,Владимир Скрипин,   0  , 24.07.2018 в 10:46 ," В 12:00 по Киеву в Мадриде стартует специальное мероприятие Xiaomi, на котором будут представлены смартфоны Xiaomi Mi A2 и Mi A2 Lite. Презентация будет транслироваться в прямом эфире на канале компании в…", Обновлено: 24.07.2018 в 10:46 ," Gearbest уже принимает предзаказы на смартфоны Xiaomi Mi A2 и Mi A2 Lite, которые представят только после полудня"
121,Игорь Мозуль,   16  , 24.07.2018 в 10:27 ," Boeing столкнулась с проблемами при тестировании космического корабля CST-100 Starliner в прошлом месяце, когда специалисты компании проводили испытания двигателей и системы аварийного спасения. Это…", Обновлено: 24.07.2018 в 10:13 ," Пилотируемый космический корабль Boeing Starliner CST-100, вероятно, задержится на неопределенный срок"
122,Владимир Скрипин,   12  , 24.07.2018 в 09:59 ," Две недели назад Microsoft представила самую доступную в линейке Surface модель планшета под названием Go, предложив покупателям два варианта конфигурации, стоимостью $399 и $549. В первом объем ОЗУ…", Обновлено: 24.07.2018 в 09:59 , В американской рознице замечена еще одна версия планшета Surface Go с 4 ГБ ОЗУ и SSD на 128 ГБ
123,Владимир Скрипин,   23  , 24.07.2018 в 09:17 ," Около месяца назад Xiaomi, которая сейчас выпускает смартфоны под двумя марками — Mi и Redmi – зарегистрировала товарный знак для третьего бренда — POCOPHONE. Заявка была подана в Евросоюзе. То есть,…", Обновлено: 24.07.2018 в 09:17 ," Стало известно, сколько в Европе попросят за смартфон Xiaomi Pocophone с SoC Snapdragon 845"
124,Игорь Мозуль,   9  , 24.07.2018 в 08:37 , Южнокорейская компания Samsung никогда не чуралась странных названий своих продуктов. Взять к примеру музыкальный сервис Milk Music или голосовой помощник Bixby. Но самым странным может стать…, Обновлено: 24.07.2018 в 07:49 ," Умная колонка Samsung, вероятно, будет называться Magbee"
125,Владимир Скрипин,   169  , 24.07.2018 в 08:02 ," Как известно, Илон Маск ранее пообещал, что в третьем и четвертом кварталах Tesla будет прибыльной. Видимо, предпринятых ранее антикризисных мер, среди которых сокращение почти десятой части…", Обновлено: 24.07.2018 в 07:44 ," «Жест отчаяния»: Tesla попросила поставщиков компонентов вернуть деньги по старым контрактам, чтобы показать прибыль. Производитель говорит, что это неправда"
126,Сергей Кулеш,   115  , 23.07.2018 в 20:35 , Компания 20th Century Fox выложила официальный трейлер фантастического боевика «Алита: Боевой ангел» / Alita: Battle Angel снятого по мотивам манги «Gunnm» от автора Юкито Кисиро. Проект режиссера Роберт…, Обновлено: 23.07.2018 в 20:44 , Вышел новый трейлер фантастического боевика Alita: Battle Angel / «Алита: Боевой ангел» от Роберта Родригеса и Джеймса Кэмерона
127,Вадим Карпусь,   24  , 23.07.2018 в 19:49 ," Министерство юстиции Украины расширяет перечень услуг, которые будут доступны родителям в родильных домах. Сейчас уже запущены и действуют услуги оформления свидетельства о рождении…", Обновлено: 23.07.2018 в 18:34 , Минюст запустил услугу онлайн-регистрации рождения ребенка (пока только в Киеве)
128,Сергей Кулеш,   122  , 23.07.2018 в 19:27 , Прогнозы — дело неблагодарное и тем не менее иногда они позволяют взглянуть на текущую ситуацию под новым углом. Любой фанат электромобилей навскидку назовет любимые бренды и скорее…, Обновлено: 23.07.2018 в 18:31 ," PA Consulting: Уже к 2021 году Tesla уступит лидерство в сегменте электромобилей Mercedes, BMW, Nissan, Volkswagen, Volvo и Toyota"
129,Сергей Кулеш,   21  , 23.07.2018 в 18:51 ," Два месяца назад китайский производитель дисплеев BOE договорился о стратегическом партнерстве с Huawei, а сегодня стало известно, что эта компания планирует стать одним из основных поставщиков…", Обновлено: 23.07.2018 в 18:29 , Компания BOE рассчитывает стать первым китайским поставщиком OLED-матриц для будущих iPhone
130,Владимир Скрипин,   73  , 23.07.2018 в 18:32 ," У технологий эмбрионального геномного редактирования вроде CRISPR-Cas9, позволяющих найти в ДНК нужный ген и удалить или подправить его, как известно, есть сложный этический аспект, который…", Обновлено: 23.07.2018 в 18:27 , Британский совет по этике признал моральным редактирование человеческого генома
131,Вадим Карпусь,   114  , 23.07.2018 в 18:16 ," Кинокомпания Disney прекратила сотрудничество с режиссёром фильмов «Стражи Галактики» Джеймсом Ганном. Причиной тому называют старые записи Ганна в соцсети Twitter, которые недавно снова…", Обновлено: 24.07.2018 в 08:38 , Режиссёр «Стражей Галактики 3» Джеймс Ганн отстранён от работы над фильмом из-за противоречивых твитов 10-летней давности
132,Реклама,   27  , 23.07.2018 в 18:05 ," Современные смартфоны выполняют множество функций: видеосвязь, подключение фитнес-браслетов, смарт-часов, многие используют их в качестве навигационного устройства, и емкости аккумулятора…", Обновлено: 23.07.2018 в 18:03 , Esperanza Photon Black 17400mAh – портативное ЗУ для смартфонов и гаджетов P
133,Виталий Матвиенко,   65  , 23.07.2018 в 17:59 ," Многие уже привыкли, что если нужен доступный телефон, то выбирать стоит из устройств компаний Meizu и Xiaomi. Но что если посмотреть на другие бренды? Сегодня я расскажу о двух доступных аппаратах…", Обновлено: 23.07.2018 в 17:59 , Обзор смартфонов Honor 7A и Honor 7A Pro
134,Сергей Кулеш,   22  , 23.07.2018 в 17:53 ," Судя по всему кто-то из ответственных сотрудников Valve отлично провел отпуск и с новыми силами решил заняться чисткой игроков, заподозренных в читерстве. Так, по данным ресурса SteamDB.info, общее…", Обновлено: 23.07.2018 в 17:45 ," Valve забанила 100 тыс. читеров за последнюю неделю, что стало рекордом в истории VAC"
135,Александр Яремко,   2  , 23.07.2018 в 17:39 ," В этом году история в мире зомби-апокалипсиса завершится не только для харизматичного полицейского Рика Граймса (актёр Эндрю Линкольн). – Уже совсем скоро, в августе, состоится премьера…", Обновлено: 23.07.2018 в 17:23 , Telltale показала на Comic-Con 15-минутный ролик последнего сезона The Walking Dead
136,Вадим Карпусь,   18  , 23.07.2018 в 17:24 , ПАО «Укргидроэнерго» в мае-июне по результатам тендеров заключило четыре соглашения с ООО «Проектно-исследовательский институт «Енергоинжпроект» относительно проектирования солнечных…, Обновлено: 23.07.2018 в 17:17 , «Укргидроэнерго» построит четыре солнечные электростанции возле водохранилищ общей мощностью 53-55 МВт
137,Владимир Скрипин,   118  , 23.07.2018 в 17:11 ," Как известно, Samsung любит высмеивать продукцию своего основного конкурента на рынке смартфонов – компании Apple – в рекламе своих мобильных устройств. На днях американское подразделение Samsung…", Обновлено: 27.07.2018 в 13:27 ," «Быстрая зарядка, переходник на 3,5 мм и камера»: Samsung выпустила сразу три насмешливых ролика с iPhone X для рекламы Galaxy S9"
138,Сергей Кулеш,   36  , 23.07.2018 в 16:21 ," Компания Qualcomm представила первую в мире 5G-антенну QTM052 для смартфонов, рассчитанную на работе в «миллиметровом» диапазоне mmWave (от 24 ГГц и выше). Благодаря этой разработке первые…", Обновлено: 23.07.2018 в 17:01 ," Qualcomm представил первую 5G (mmWave) антенну для смартфонов QTM052, смартфоны на ее основе могут выйти на рынок уже в 2019 году"
139,Владимир Скрипин,   21  , 23.07.2018 в 16:02 ," Google, которая имена для новых версий операционной системы Android выбирает среди названий сладостей, перебирая по порядку буквы английского алфавита, использует похожий подход к именованию…", Обновлено: 23.07.2018 в 16:02 ," Blueline и Crosshatch – кодовые имена смартфонов Google Pixel 3 и Pixel 3 XL. Их премьеру сопроводят новый хромбук Pixelbook, умные часы Pixel и новые беспроводные наушники Pixel Buds"
140,Сергей Кулеш,   34  , 23.07.2018 в 15:34 ," На утро сегодняшнего дня, 23 июля 2018 года, украинские абитуриенты создали более 157 тыс. электронных кабинетов и подали с их помощью 780 тыс. электронных заявлений. Такие данные предоставило ГП…", Обновлено: 23.07.2018 в 15:29 ," Министерство образования: Украинские абитуриенты создали 157 тыс. электронных кабинетов и подали 780 тыс. заявлений, вступительная кампания завершается на этой неделе"
141,Сергей Кулеш,   61  , 23.07.2018 в 15:03 ," Стартап Waymo, специализирующийся на системах автономного управления автомобилями, сообщил о преодолении очередной вехи на пути к созданию идеального беспилотника. По словам руководителя…", Обновлено: 23.07.2018 в 14:43 , Автономные автомобили Waymo проехали уже почти 13 млн км по реальным дорогам США и преодолевают 40 тыс. км ежедневно
142,Владимир Скрипин,   65  , 23.07.2018 в 14:40 ," В агентство Bloomberg, в числе прочего, входит терминал, популярный финансовый инструмент, который трейдеры и финансисты по всему миру используют для получения жизненно необходимой для бизнеса…", Обновлено: 23.07.2018 в 14:40 , Украина подключилась к знаменитому терминалу Bloomberg. Теперь зарубежные инвесторы должны охотнее покупать государственные облигации
143,Вадим Карпусь,   176  , 23.07.2018 в 13:59 ," На прошлой неделе Еврокомиссия оштрафовала компанию Google на $5 млрд, обвинив её в злоупотреблении монопольным положением на рынке мобильных операционных систем. В частности, указывались три…", Обновлено: 23.07.2018 в 18:02 ," Google ещё в прошлом году предлагала ЕС внести изменения в условия распространения Android и своих приложений. Ей сказали, что «поезд ушел»"
144,Вадим Карпусь,   27  , 23.07.2018 в 13:37 , В настройках электромобиля Tesla Model 3 в модификации Performance (включает два электродвигателя) обнаружен экспериментальный режим Track Mode. Он позволяет изменить работу некоторых систем и наиболее…, Обновлено: 23.07.2018 в 13:04 , В настройках Tesla Model 3 Performance обнаружен экспериментальный спортивный режим Track Mode
145,Сергей Кулеш,   85  , 23.07.2018 в 13:13 ," Японская компания Sony представила новый CMOS-фотомодуль для смартфонов IMX586 с эффективным разрешением 48 Мп (8000×6000 точек), что по данным производителя является самым высоким показателем в…", Обновлено: 23.07.2018 в 13:28 ," Sony представила первый в сегменте 48 Мп фотомодуль для смартфонов IMX586 с размером пикселя 0,8 микрона"
146,Владимир Скрипин,   184  , 23.07.2018 в 12:54 ," Государственный оператор почтовой связи «Укрпошта» решил отдать в аренду часть площадей здания киевского Главпочтамта, находящегося по адресу Крещатик 22. Говоря конкретнее, «Укрпошта»…", Обновлено: 23.07.2018 в 14:41 , Первый этаж киевского Главпочтамта отдадут в аренду под мультибрендовый интернет-супермаркет
147,Сергей Кулеш,   146  , 23.07.2018 в 12:04 ," Оператор мобильной связи «Киевстар» запустил бесплатную замену SIM на USIM в более чем 3000 магазинах по всей Украине для того, чтобы абоненты могли подготовиться к использованию 4G-сетей.…", Обновлено: 23.07.2018 в 12:09 , Киевстар запустил бесплатную замену SIM на USIM с поддержкой 4G в 3000 магазинах по всей Украине
148,Владимир Скрипин,   51  , 23.07.2018 в 11:49 ," Только на прошлой неделе мы рассказывали, что Джефф Безос, основатель крупнейшего онлайнового магазина Amazon.com благодаря успехам этого самого магазина стал самым богатым человеком в новейшей…", Обновлено: 23.07.2018 в 15:28 , У Amazon еще есть шансы обойти Apple и первой преодолеть отметку триллион долларов по рыночной капитализации
149,Игорь Мозуль,   9  , 23.07.2018 в 11:17 ," Некоторые морские обитатели, такие как медузы и их разновидности, имеют простые, но в то же время нежные тела, и малейшее движение может их поранить. Поэтому для исследователей достать из воды…", Обновлено: 23.07.2018 в 10:50 ," Ученые из Гарвардского университета сделали роборуку, способную деликатно ловить морских существ, не причиняя им вреда"
150,Владимир Скрипин,   1  , 23.07.2018 в 10:36 ," Мы все уже привыкли к тому, что выход каждой сколько-нибудь значимой новинки из индустрии IT сопровождает масса слухов и утечек, а инсайдеры и тематические ресурсы предсказуемо соревнуются в…", Обновлено: 23.07.2018 в 10:36 , Новое беспроводное ЗУ Samsung Wireless Charger Duo сможет заряжать два устройства одновременно и будет стоить около $75
151,Вадим Карпусь,   61  , 23.07.2018 в 09:44 ," Команда студентов из Технического университета Мюнхена создала самодвижущуюся капсулу для транспортной системы Hyperloop, которая победила в третьем ежегодном соревновании SpaceX. По условиям…", Обновлено: 23.07.2018 в 09:44 ," Созданная студентами капсула WARR для системы Hyperloop победила в конкурсе SpaceX, развив скорость 457 км/ч"
152,Владимир Скрипин,   32  , 23.07.2018 в 09:15 ," Смартфон Samsung Galaxy Note9, как известно, представят 9 августа. Мы уже видели различные фото и изображения готовящейся к дебюту новинки, включая одно официальное. Теперь же появилась еще парочка…", Обновлено: 23.07.2018 в 09:15 , Смартфон Samsung Galaxy Note9: новые официальные рендеры новинки в цветах Deep Sea Blue и Lilac Purple
153,Игорь Мозуль,   13  , 23.07.2018 в 08:42 ," Facebook продолжает развивать свою инициативу по обеспечению доступом к высокоскоростному интернету. Согласно документам, полученным от Федеральной комиссии по связи (FCC) по запросу издания Wired,…", Обновлено: 23.07.2018 в 09:37 , Официально: Facebook создает собственный интернет-спутник Athena
154,Владимир Скрипин,   160  , 23.07.2018 в 08:00 ," Вчера утром, 22 июля, SpaceX в очередной раз запустила ракету-носитель Falcon 9 в новой модификации Block 5. Это был уже второй запуск модификации ракеты Falcon 9 Block 5, причем в этот раз предпринималась…", Обновлено: 23.07.2018 в 08:46 , SpaceX вывела на орбиту коммуникационный спутник рекордной массы
155,Сергей Кулеш,   75  , 22.07.2018 в 13:00 ," На проходящем в данный момент в США фестивале 2018 Comic-Con International: San Diego кинокомпании представили множество интересных трейлеров будущих фильмов и сериалов, а также озвучили даты премьер и…", Обновлено: 23.07.2018 в 12:45 ," Самые интересные трейлеры Comic-Con 2018: Aquaman, Glass, Godzilla: King of the Monsters, SHAZAM!, Fantastic Beasts 2 и россыпь сериалов"
156,Олег Данилов,   28  , 22.07.2018 в 11:00 ," На первый взгляд британский сериал Kiss Me First очень похож на нашумевший фильм Ready Player One. Девушка заводит новых друзей в модной VR MMORPG и попадает в защищенную, недоступную другим область игрового…", Обновлено: 20.07.2018 в 16:17 , Kiss Me First / «Поцелуй меня первым»
157,Олег Данилов,   17  , 22.07.2018 в 09:00 ," Кажется, что top-down, или двухстиковые шутеры — один из самых простых игровых жанров. Графикой особенно заморачиваться не нужно, сюжет не обязателен, геймплей проверен годами, управление…", Обновлено: 19.07.2018 в 18:27 , GARAGE: Bad Trip – скажи наркотикам: «Нет!»
158,Богдан Бушовский,   34  , 21.07.2018 в 12:00 ," «Клуб миллиардеров» — поразительное кино, потому что вызывает примерно ту же гамму чувств, что и рутинный поход в магазин за продуктами или чистка зубов. Вроде и неплохо, что сделал это, но…", Обновлено: 21.07.2018 в 11:50 , Billionaire Boys Club / «Клуб миллиардеров»
159,Олег Данилов,   37  , 21.07.2018 в 11:00 ," How It Ends начинается как семейная драма, продолжается как road movie и фильм-катастрофа, а заканчивается… Несмотря на название, How It Ends не заканчивается вообще, и это, пожалуй, первый на нашей памяти…", Обновлено: 21.07.2018 в 12:49 , How It Ends / «Как это заканчивается»
160,Олег Данилов,   66  , 21.07.2018 в 09:00 ," Первое дополнение к Far Cry 5, переносящее нас во времена вьетнамской войны Hours of Darkness, вызвало у нас, скажем так, противоречивые чувства. Отрадно, что второе DLC к игре, Lost on Mars, получилось более…", Обновлено: 19.07.2018 в 15:33 ," Far Cry 5 – Lost on Mars: Как тебе такое, Илон Маск?"
161,Вадим Карпусь,   76  , 20.07.2018 в 19:45 ," Организация «Transparency International Украина» представила новую версию системы общественного контроля госзакупок DoZorro, усиленную функциями искусственного интеллекта. Система была представлена…", Обновлено: 20.07.2018 в 19:15 ," Портал DoZorro, контролирующий работу системы госзакупок ProZorro, усилили искусственным интеллектом"
162,Сергей Кулеш,   23  , 20.07.2018 в 19:16 ," Компания Volkswagen заявила, что в отличие от электрического хэтчбека Volkswagen I.D., который будет производиться в Германии и ориентироваться в первую очередь на европейский рынок, кроссовер I.D. CROZZ и…", Обновлено: 20.07.2018 в 19:20 ," Электромобили Volkswagen I.D. CROZZ и I.D. BUZZ будут собирать в США, чтобы избежать дополнительного налогообложения"
163,Вадим Карпусь,   23  , 20.07.2018 в 18:51 ," Сразу несколько источников поделились информацией о смартфоне Honor Note 10, презентация которого состоится уже в скором времени. Начнём с известных технических характеристик. Honor Note 10 будет…", Обновлено: 20.07.2018 в 18:16 , Раскрыты характеристики и дата презентации смартфона Honor Note 10
164,Сергей Кулеш,   3  , 20.07.2018 в 18:33 ," Компания Check Point Software Technologies представила отчет по современным трендам кибератак за первое полугодие 2018 года. Согласно данному исследованию, киберпреступники все чаще атакуют организации с…", Обновлено: 20.07.2018 в 18:44 , Check Point представил обзор киберугроз за первое полугодие 2018 года: двойной рост криптомайнеров и смена вектора атак на облака
165,Сергей Кулеш,   16  , 20.07.2018 в 18:08 ," В свое время iPhone X стал родоначальником моды на смартфоны с характерным вырезом в верхней части экрана, однако свежая разработка Huawei может запустить новый тренд. Судя по изображениям,…", Обновлено: 20.07.2018 в 18:08 ," В четвертом квартале Huawei собирается выпустить безрамочный смартфон с фронтальной камерой, размещенной в отверстии дисплея"
166,Вадим Карпусь,   14  , 20.07.2018 в 17:47 ," Компания Google запустила оригинальный эксперимент под названием Move Mirror, в основе которого лежат технологии искусственного интеллекта. Принять участие в эксперимента могут все желающие. Для…", Обновлено: 20.07.2018 в 17:28 ," Google наглядно демонстрирует работу системы ИИ на базе компьютерного зрения, отслеживающей позы человека"
167,Сергей Кулеш,   75  , 20.07.2018 в 17:21 ," В Украине сервис Uber воспринимается исключительно как служба заказа такси, тогда как в США и других странах Uber может также привезти еду (UberEats), выдать напрокат электровелосипед Jump или скутер…", Обновлено: 20.07.2018 в 17:32 ," Uber начал сотрудничать со стартапом Cargo, благодаря чему водители смогут продавать пассажирам полезные товары прямо во время поездки"
168,Олег Касич,   112  , 20.07.2018 в 17:00 ," Видеокарты серии GeForce GTX 1050 2 ГБ вот уже почти два года пользуются заслуженной популярностью у экономных любителей поиграть. Недавно компания NVIDIA обновила линейку, представив модификацию с 3…", Обновлено: 23.07.2018 в 10:49 , GeForce GTX 1050 3 ГБ: новый фаворит для базовых игровых ПК?
169,Сергей Кулеш,   50  , 20.07.2018 в 16:52 ," Украинский оператор мобильной связи lifecell охватил уже 977 населенных пунктов Украины 4G-связью в диапазоне 1800 МГц. На территории, покрытой 4G-сетью оператора, проживают 36% украинцев. По данным…", Обновлено: 20.07.2018 в 16:38 ," lifecell запустил 4G-связь в диапазоне 1800 МГц для 16 млн украинцев, проживающих в 977 населенных пунктах страны"
170,Владимир Скрипин,   12  , 20.07.2018 в 16:35 ," По сообщению корейского издания The Bell, глава Samsung Ли Чжэ Ён хочет объединить линейки флагманских смартфонов Galaxy S и Galaxy Note. Якобы этот план сейчас активно обсуждается на уровне руководства, но…", Обновлено: 20.07.2018 в 16:35 , Samsung хочет объединить линейки флагманских смартфонов Galaxy S и Galaxy Note
171,Сергей Кулеш,   14  , 20.07.2018 в 16:18 , Сервис Netflix огласил дату премьеры и выложил трейлер второго сезона сериала Iron Fist / «Железный кулак» по комиксам Marvel. Фанаты воспитанного монахами монастыря Кун-Лун Дэнни Рэнда смогут увидеть…, Обновлено: 20.07.2018 в 18:22 , Netflix опубликовал дату премьеры и трейлер второго сезона сериала Iron Fist / «Железный кулак»
172,Вадим Карпусь,   46  , 20.07.2018 в 15:39 ," Сервис iGov продолжает переводить в электронную форму государственные услуги, и на этот раз очередь дошла до справки о составе семьи. «Есть такая адская справка — «о составе семьи». Ее требуют…", Обновлено: 20.07.2018 в 15:27 ," В iGov хотят сделать так, чтобы госорганы не требовали справку о составе семьи у граждан, а сами обращались к реестру"
173,Максим Андрейчук,   36  , 20.07.2018 в 15:35 ," Первые автоматизированные системы распознавания лиц появились в 70-х годах прошлого века и сейчас применяются даже в системах видеонаблюдения, напоминающих те, что можно увидеть в шпионских…", Обновлено: 20.07.2018 в 17:24 , Face Unlock в смартфонах Huawei: как это работает?
174,Владимир Скрипин,   15  , 20.07.2018 в 15:03 ," Голосовые помощники, вроде Amazon Alexa, Google Assistant, Microsoft Cortana и Apple Siri достаточно популярны и за последнее время успели распространиться далеко за пределы рынков умных колонок и смартфонов. Их…", Обновлено: 20.07.2018 в 15:24 , Голосовой помощник Amazon Alexa добрался и до… вентиляторов систем жидкостного охлаждения ПК
175,Сергей Кулеш,   122  , 20.07.2018 в 14:26 ," Компания «1+1 медиа» объявила о запуске приложения для трансляции украиноязычного телеканала 1+1 International, ориентированного на украинскую диаспору и украинцев, находящихся за рубежом. 1+1…", Обновлено: 20.07.2018 в 14:32 , «1+1 медиа» выпустила стриминговое приложение 1+1 International для украинцев за рубежом
176,Владимир Скрипин,   38  , 20.07.2018 в 14:07 ," Едва взявшись за разборку ноутбука Apple MacBook Pro нового поколения, специалисты iFixit сразу обнаружили в его клавиатуре силиконовые мембраны и выдвинули предположение, что их главная задача –…", Обновлено: 20.07.2018 в 14:37 ," В iFixit наглядно доказали, что клавиатуры новых MacBook Pro действительно лучше защищены от пыли"
177,Сергей Кулеш,   38  , 20.07.2018 в 13:48 ," Появление первых летающих автомобилей в городах гораздо ближе, чем представляют многие из нас — уже в следующем году стартап Terrafugia начнет продавать свою первую коммерческую модель Transition.…", Обновлено: 20.07.2018 в 13:48 , Летающий автомобиль Terrafugia Transition с гибридным двигателем поступит в продажу уже в 2019 году
178,Сергей Кулеш,   54  , 20.07.2018 в 13:19 ," Компания «Укртелеком» сообщила, что НКРСИ одобрила пилотный проект по замене в ряде регионов Украины фиксированной телефонии на мобильную связь. Он будет реализован с помощью мощностей…", Обновлено: 20.07.2018 в 13:12 ," В ряде регионов «Укртелеком» заменит проводную телефонную связь на мобильную от «ТриМоб», НКРСИ уже одобрила данную инициативу"
179,Владимир Скрипин,   28  , 20.07.2018 в 12:53 ," В прошлом месяце Micron пообещала начать поставки 96-слойной флэш-памяти 3D NAND, что в теории должно привести к удешевлению SSD, во втором полугодии. Теперь же о создании 96-слойного кристалла…", Обновлено: 20.07.2018 в 12:53 ," «2,66 ТБ в одной микросхеме»: Toshiba Memory создала прототип 96-слойной флэш-памяти QLC NAND"
180,Вадим Карпусь,   50  , 20.07.2018 в 12:29 , Корпорация Microsoft отчиталась о результатах финансово-хозяйственной деятельности по итогам работы в четвёртом квартале фискального 2018 года (закончился 30 июня календарного года). В отчётном…, Обновлено: 20.07.2018 в 12:38 ," Microsoft существенно нарастила выручку и прибыль. Спасибо облакам, Xbox и… Surface!"
181,Владимир Скрипин,   44  , 20.07.2018 в 11:53 ," В числе других анонсов на выставке San Diego Comic-Con 2018 показали трейлер фантастического сериала Nightflyers / «Летящие сквозь ночь», снятого по одноименному рассказу американского писателя Джорджа Р.…", Обновлено: 20.07.2018 в 11:43 , Первый полноценный трейлер сериала Nightflyers / «Летящие сквозь ночь» по рассказу Джорджа Мартина. Жуткий!
182,Вадим Карпусь,   16  , 20.07.2018 в 11:24 , Оператор сотовой связи «Киевстар» заявил об очередном расширении зоны покрытия связи 4G. 18 и 20 июля 2018 года компания запустила услугу высокоскоростного мобильного интернета по технологии LTE…, Обновлено: 20.07.2018 в 11:57 , «Киевстар» подключил к сети 4G ещё 170 населенных пунктов Украины
183,Владимир Скрипин,   24  , 20.07.2018 в 10:46 ," После короткого тизера телеканал BBC показал новый, чуть более продолжительный трейлер одиннадцатого сезона «Доктора Кто», в котором, как известно, главного героя впервые сыграет женщина –…", Обновлено: 20.07.2018 в 12:55 , «Все это мне совершенно незнакомо»: Вышел новый трейлер одиннадцатого сезона «Доктора Кто»
184,Вадим Карпусь,   124  , 20.07.2018 в 10:24 ," Ученые Национального авиационного университета (НАУ) впервые в Украине разработали, изготовили и ввели в эксплуатацию гибридную энергетическую установку. Полученная от её работы…", Обновлено: 20.07.2018 в 11:27 , В НАУ разработали и запустили гибридную энергетическую установку
185,Владимир Скрипин,   64  , 20.07.2018 в 09:54 ," О таинственной операционной системе Fuchsia, над которой Google усердно работает несколько последних лет, мы писали уже не раз. Впервые о проекте стало известно летом 2016 года, спустя чуть больше…", Обновлено: 20.07.2018 в 12:12 ," Bloomberg: ОС Google Fuchsia дебютирует через три года и в конечном итоге заменит Android, Wear OS и Chrome OS"
186,Игорь Мозуль,   13  , 20.07.2018 в 09:06 ," Управление перспективных исследовательских проектов Министерства обороны США (DARPA) охватывает самые разнообразные задачи, от разработки беспилотного корабля для поиска подводных лодок до…", Обновлено: 20.07.2018 в 09:06 , Микро-роботы DARPA смогут спасать людей в местах с высоким уровнем риска для жизни
187,Игорь Мозуль,   36  , 20.07.2018 в 08:33 ," Blue Origin провела очередное, девятое по счёту испытание своего суборбитального корабля New Shepard. Как сообщили представители компании в твиттере, это был важный тест, во время которого произошло…", Обновлено: 20.07.2018 в 08:00 , Blue Origin в девятый раз успешно испытала New Shepard: отделила капсулу с манекеном и вернула назад ракету
188,Владимир Скрипин,   238  , 20.07.2018 в 08:03 ," Как известно, 18 июля Еврокомиссия оштрафовала Google на рекордные €4,3 млрд за злоупотребление доминирующим положением на рынке мобильных ОС. В Google уже объявили о намерении подать апелляцию…", Обновлено: 20.07.2018 в 07:55 ," «Они воспользовались преимуществом над США, но это ненадолго!»: Трамп прокомментировал антимонопольный штраф на Google в Европе"
189,Сергей Кулеш,   10  , 19.07.2018 в 21:05 ," Сегодня, в первый день фестиваля San Diego Comic-Con, компания Warner Bros. рассказала подробности о стриминговой платформе DC Universe, включая стоимость подписки, а также показала первый трейлер сериала Titans /…", Обновлено: 19.07.2018 в 21:10 , Подписка на стриминговый сервис для фанатов комиксов DC Universe составит $8 в месяц / $75 в год (бонус — первый трейлер сериала Titans / «Титаны»)
190,Вадим Карпусь,   110  , 19.07.2018 в 20:32 ," Чтобы нивелировать падение доходов от продаж смартфонов, компании Samsung и LG решили применить «политику дробовика» — они будут выпускать так много новых моделей, как это возможно. По данным…", Обновлено: 20.07.2018 в 09:49 , Samsung и LG решили следовать «политике дробовика» на рынке смартфонов и выпускать как можно больше новых моделей
191,Вадим Карпусь,   76  , 19.07.2018 в 20:10 ," Модельный ряд компактных цифровых камер компании Fujifilm пополнился новым устройством XF10, которое является наследником модели X70, выпущенной в 2016 году. Анонсированная новинка выполнена в…", Обновлено: 19.07.2018 в 20:10 , Fujifilm анонсировала компактную камеру XF10 с сенсором APS-C и объективом с фиксированным фокусным расстоянием
192,Сергей Кулеш,   11  , 19.07.2018 в 19:57 ," Известное по необычным проектам американское тюнинговое ателье West Coast Customs создало для команды Xbox специальный PUBG Bus, взяв за основу легендарный микроавтобус Volkswagen Transporter T1. В презентации PUBG Bus…", Обновлено: 19.07.2018 в 20:00 ," «Тачка на прокачку»: West Coast Customs создали PUBG Bus, чтобы «фанаты могли играть в PUBG, пока едут играть в PUBG»"
193,Сергей Кулеш,   18  , 19.07.2018 в 19:25 , Китайская компания Faraday Future показала на видео фрагмент тестирования своего первого электромобиля FF 91. Инженеры компании использовали разработанный в компании циклы «Autobahn drive» и «Operation…, Обновлено: 19.07.2018 в 19:25 ," Faraday Future провела скоростные испытания серийного электрокроссовера FF 91, разгоняя его до 250 км/ч [видео]"
194,Вадим Карпусь,   35  , 19.07.2018 в 18:31 ," На прошлой неделе Apple выпустила обновлённые ноутбуки MacBook Pro, оснастив их новыми процессорами и более тихой клавиатурой. Позже специалисты iFixit обнаружили в конструкции новых клавиш…", Обновлено: 19.07.2018 в 18:15 ," Сервисные документы Apple подтверждают, что клавиатура в новых MacBook Pro доработана с целью борьбы с мусором, а не с шумом"
195,Владимир Скрипин,   8  , 19.07.2018 в 18:14 ," В последние несколько месяцев в отрасли медиа кипят нешуточные страсти вокруг активов 21st Century Fox. Напомним, сначала The Walt Disney Company сообщила о наличии договоренности о покупке 21st Century Fox за $52,4…", Обновлено: 19.07.2018 в 18:20 ," Comcast вышел из борьбы за активы 21st Century Fox, уступив право покупки Disney"
196,Сергей Кулеш,   12  , 19.07.2018 в 17:46 ," Если вы когда-нибудь пробовали самостоятельно подключить к ПК проводной шлем виртуальной реальности, то наверняка знаете, что это не слишком простая операция. В зависимости от модели…", Обновлено: 19.07.2018 в 18:25 ," AMD, Microsoft, NVIDIA, Oculus и Valve разрабатывают стандарт VirtualLink, который позволит подключать VR-шлемы к ПК с помощью одного USB-C кабеля"
197,Вадим Карпусь,   28  , 19.07.2018 в 17:17 ," Сервис Netflix заявил о существенном пересмотре пользовательского интерфейса в своём телевизионном приложении. При эго разработке проводилось тщательное исследование и тестирование того, как…", Обновлено: 19.07.2018 в 17:08 , Netflix обновила интерфейс приложения для телевизоров. Теперь находить нужный контент станет еще проще
198,Владимир Скрипин,   6  , 19.07.2018 в 17:07 ," Помимо защитного стекла Gorilla Glass 6, ориентированного в первую очередь на смартфоны, компания Corning представила еще парочку стекол для других устройств. Речь о стеклах Gorilla Glass DX и DX+ – преемниках…", Обновлено: 19.07.2018 в 17:04 , Corning также представила защитные стекла Gorilla Glass DX и DX+ для носимых устройств
199,Сергей Кулеш,   38  , 19.07.2018 в 16:37 , Кинокомпания Warner Bros. поведала новые подробности об экранизации приключений суперзлодея Джокера с Хоакином Фениксом в главной роли. Фильм получил окончательное название Joker / «Джокер» и…, Обновлено: 19.07.2018 в 16:40 , Криминальная драма о становлении Джокера с Хоакином Фениксом в главной роли получила официальное название и дату премьеры
200,Владимир Скрипин,   20  , 19.07.2018 в 16:08 ," Только вчера мы рассказывали об украинских дронах Luftronix, которые позволяют сократить время, визуальный осмотр при подготовке самолетов к вылету, до впечатляющих 7 минут. Но в компании Rolls-Royce,…", Обновлено: 19.07.2018 в 16:26 , Rolls-Royce разрабатывает роботараканов и робозмей для осмотра и обслуживания двигателей самолетов
201,Сергей Кулеш,   75  , 19.07.2018 в 15:49 ," Обновленный Nissan Leaf стал самым продаваемым электромобилем в Европе в первом полугодии 2018 года с результатом 18,000 поставленных владельцам автомобилей и 37,000 предзаказов. При этом за тот же…", Обновлено: 19.07.2018 в 17:23 , Nissan Leaf стал самым продаваемым электромобилем Европы с показателем 18 тыс. покупок и 37 тыс. предзаказов
202,Владимир Скрипин,   25  , 19.07.2018 в 15:23 ," Сейчас Huawei занимает третье место в рейтинге крупнейших производителей смартфонов, но, как мы знаем, уже к 2021 году компания хочет стать лидером рынка, опередив Apple и Samsung. И, похоже, что пока что…", Обновлено: 19.07.2018 в 15:58 , Huawei пересекла рубеж в 100 млн проданных с начала года смартфонов
203,Сергей Кулеш,   80  , 19.07.2018 в 15:01 , Министерство образования Украины назвало самые популярные специальности и ВУЗы по итогам представления миллиона заявлений абитуриентов. Информация была озвучена заместителем Министра…, Обновлено: 19.07.2018 в 15:05 , Министерство образования Украины назвало ТОП-5 самых популярных у абитуриентов ВУЗов и специальностей
204,Реклама,   14  , 19.07.2018 в 14:50 ," Совсем недавно компания Huawei выпустила на рынок обновленную Y-серию смартфонов. Самый младший представитель серии Huawei Y5 2018 совместил в себе не только элементарные функции смартфона, но и…", Обновлено: 19.07.2018 в 14:49 , Huawei Y5 2018 – расширенные возможности в смартфоне эконом-сегмента P
205,Роман Мельниченко,   293  , 19.07.2018 в 14:45 ," Новое поколение Renault Duster привлекает комфортной подвеской, измененным дизайном, довольно просторным салоном и багажником, хорошими способностями на бездорожье. Хватит ли этого, чтобы…", Обновлено: 19.07.2018 в 14:45 ," Новый Renault Duster: изменился к лучшему, оставшись собой"
206,Вадим Карпусь,   14  , 19.07.2018 в 14:42 ," Компания Hyperloop Transportation Technologies (HTT) заключила соглашение относительно строительства трассы транспортной системы Hyperloop в китайской провинции Гуйчжоу. Причём, речь идёт о коммерческой линии, а…", Обновлено: 20.07.2018 в 09:48 , HTT построит в Китае коммерческую линию Hyperloop
207,Владимир Скрипин,   46  , 19.07.2018 в 14:14 ," Компания Corning сегодня представила новое поколение своего стекла Gorilla Glass, предназначенного для обеспечения дополнительной защиты экрана мобильных устройств от повреждений при случайных…", Обновлено: 19.07.2018 в 13:59 ," Представлено защитное стекло Gorilla Glass 6, которое даст смартфону 15 «жизней» (в теории)"
208,Реклама,   12  , 19.07.2018 в 14:00 ," Украина, Heroes 3, DOTA, Worms и Шахматы, не так часто можно использовать эти слова в одном предложении, для краткого описании игры, которую мы имеем честь вам представить. В общем, долой маркетинг и…", Обновлено: 19.07.2018 в 11:27 , Find & Destroy: Tanks Strategy – пошаговая тактическая PvP-стратегия «5 на 5» P
209,Сергей Кулеш,   15  , 19.07.2018 в 13:42 , Мобильный оператор lifecell запустил сегодня новые услуги для корпоративных клиентов «Облачное хранилище для бизнеса» для работы с файлами и «Безопасность данных в облаке» для резервного…, Обновлено: 19.07.2018 в 18:28 , lifecell запускает облачные сервисы для бизнеса — хранилище данных и их резервное копирование
210,Сергей Кулеш,   61  , 19.07.2018 в 13:04 ," Группа VEON, в состав которой входит украинский мобильный оператор «Киевстар», объявила о структурных изменениях в менеджменте компании. Как мы и писали ранее, Петр Чернышов, ранее…", Обновлено: 19.07.2018 в 13:09 ," Официально: Петр Чернышов покидает пост президента «Киевстар» и группу VEON, Александр Комаров временно назначен и.о. исполнительного директора «Киевстара»"
211,Владимир Скрипин,   88  , 19.07.2018 в 12:53 , На рынке криптовалют уже достаточно продолжительное время царит относительная стабильность и не наблюдается никаких резких колебаний курса. В последние месяцы курс Bitcoin стабильно держался…, Обновлено: 19.07.2018 в 13:12 , Bitcoin впервые за долгое время резко подскочил в цене и за сутки подорожал на $700
212,Владимир Скрипин,   8  , 19.07.2018 в 12:19 ," Компания Microsoft объявила о том, что примет участие в выставке Gamescom, которая пройдет в Кельне с 21 по 25 августа этого года, и порадует поклонников не только программными новинками и новыми…", Обновлено: 19.07.2018 в 13:13 , Microsoft обещает анонс нового «железа» на грядущей игровой выставке Gamescom
213,Вадим Карпусь,   15  , 19.07.2018 в 11:49 ," Компания Codemasters, ежегодно штампующая новую игру об автомобильных гонках серии «Формула-1», опубликовала трейлер грядущей мобильной игры F1 Mobile Racing. Её разработка осуществляется совместно со…", Обновлено: 19.07.2018 в 11:10 , Опубликован трейлер мобильной игры F1 Mobile Racing
214,Вадим Карпусь,   51  , 19.07.2018 в 11:15 ," Компания Samsung стремится первой создать действительно сгибающийся смартфон (т.е. с одним непрерывным экраном), заявляют инсайдеры. Как ожидается, выпуск такого устройства состоится в начале…", Обновлено: 19.07.2018 в 11:58 , WSJ: Сгибаемый смартфон Samsung с 7-дюймовым дисплеем выйдет в начале 2019 года и будет стоить $1500
215,Владимир Скрипин,   372  , 19.07.2018 в 10:59 ," Как и ожидалось, сегодня в Китае был представлен смартфон Xiaomi Mi Max 3. Все о новинке мы знали заранее по утечкам и мини-анонсам самого производителя, но все равно повторим и подведем итоги уже…", Обновлено: 19.07.2018 в 12:03 ," Представлен смартфон Xiaomi Mi Max 3: экран 6,9 дюйма, Snapdragon 636, сдвоенная камера и батарея 5500 мА•ч"
216,Игорь Мозуль,   188  , 19.07.2018 в 09:32 ," Руководство компании Western Digital приняло решение закрыть завод по производству жёстких дисков в Петалинг-Джая, расположенный недалеко от столицы Малайзии Куала-Лумпур. Причиной этому стало…", Обновлено: 19.07.2018 в 09:32 , Низкий спрос заставляет Western Digital закрыть в Малайзии завод по производству жестких дисков
217,Владимир Скрипин,   212  , 19.07.2018 в 08:52 ," Как известно, компания Apple совсем недавно обновила ноутбуки MacBook Pro новыми, более производительными процессорами Intel. В случае 15-дюймовой модели в максимальной конфигурации предлагается…", Обновлено: 19.07.2018 в 12:02 ," Производительность нового MacBook Pro с CPU Core-i9 8950HK из-за чрезмерного троттлинга даже ниже, чем у прошлогодней модели. Не справляется штатная система охлаждения"
218,Игорь Мозуль,   112  , 19.07.2018 в 08:03 ," Лидеры IT-индустрии, включая Илона Маска и основателей компании DeepMind, подписали соглашение, которое предусматривает запрет на использование искусственного интеллекта для разработки…", Обновлено: 19.07.2018 в 07:44 , Илон Маск и прочие технологические компании договорились не создавать системы на базе ИИ для автономного летального оружия
219,Владимир Скрипин,   34  , 18.07.2018 в 20:32 ," Сегодня компания Huawei представила обновленную линейку смартфонов среднего ценового сегмента Nova. В нее вошли две модели Nova 3 и Nova 3i, выполненные в стиле флагманских смартфонов линейки Huawei…", Обновлено: 19.07.2018 в 11:02 ," Представлены смартфоны среднего уровня Huawei Nova 3 и P smart+ (Nova 3i) с четырьмя камерами, технологией GPU Turbo и градиентной расцветкой Iris Purple"
220,Сергей Кулеш,   255  , 18.07.2018 в 19:11 ," Украина имеет достаточный потенциал и мощности для того, чтобы быстро превратиться в региональный хаб автомобилестроения. Об этом заявил премьер-министр Украины Владимир Гройсман во время…", Обновлено: 19.07.2018 в 09:36 , Владимир Гройсман: Компания Renault заинтересовалась размещением в Украине производственных мощностей по сборке автомобилей
221,Вадим Карпусь,   17  , 18.07.2018 в 18:33 ," Британская торговая площадка опубликовала ключевые характеристики и цену смартфона Sony Xperia XZ3. При этом на эту модель уже можно оформить предварительный заказ, хотя официальная презентация…", Обновлено: 18.07.2018 в 18:33 , Онлайн-магазин раскрыл характеристики и цену смартфона Sony Xperia XZ3
222,Сергей Кулеш,   85  , 18.07.2018 в 18:09 ," Известный бренд Specialized решил прорекламировать потенциальным клиентам новую линейку электрических велосипедов Turbo, выбрав для этого классический способ соревнований. При этом речь не идет о…", Обновлено: 18.07.2018 в 18:15 ," «Петер Саган против бабушки»: Specialized продемонстрировал, как надо правильно рекламировать электровелосипеды [видео]"
223,Владимир Скрипин,   254  , 18.07.2018 в 17:58 ," Как известно, сегодня Еврокомиссия оштрафовала Google на рекордные 4,3 млрд евро за предустановку стандартного пакета собственного ПО на смартфоны c ОС Android и прочие «злоупотребления»…", Обновлено: 19.07.2018 в 06:34 ," Платный Android? В Google предупредили, что решение Еврокомиссии ставит под угрозу бесплатную модель распространения ее ОС"
224,Вадим Карпусь,   30  , 18.07.2018 в 17:14 ," Эксперты DxOMark оценили возможности камеры смартфона OnePlus 6. И результат оказался очень хорошим, хотя и не максимальным. Камера OnePlus 6 набрала больше баллов, чем камеры смартфонов Samsung Galaxy Note 8 и…", Обновлено: 19.07.2018 в 11:40 , Камера OnePlus 6 показала в DxOMark отличный результат в 96 баллов
225,Сергей Кулеш,   87  , 18.07.2018 в 16:58 ," Сегодня, 18 июля 2018 года, Правительство Украины утвердило единые правила размещения домовых телекоммуникационных сетей и доступа провайдеров к инфраструктуре домов. Принятые решения…", Обновлено: 18.07.2018 в 16:58 , Кабмин Украины утвердил новые правила размещения домовых телекоммуникационных сетей и доступа провайдеров к ним по стандартам ЕС
226,Сергей Кулеш,   13  , 18.07.2018 в 16:44 ," Спустя полгода после выхода на платформе iOS, разработчики мобильного платформера Alto’s Odyssey наконец огласили дату выхода версии для Android — игру можно будет загрузить ровно через неделю, 26…", Обновлено: 18.07.2018 в 16:44 ," Платформер Alto’s Odyssey выйдет на Android 26 июля и будет бесплатным, в отличие от iOS-версии стоимостью $4,99"
227,Владимир Скрипин,   128  , 18.07.2018 в 16:32 ," Еврокомиссия выписала компании Google второй штраф за нарушение антимонопольного законодательства, который, как и ожидалось, оказался значительно крупнее первого, наложенного в прошлом году.…", Обновлено: 19.07.2018 в 12:03 ," Google оштрафовали в Европе на €4,34 млрд за злоупотребление доминирующим положением Android"
228,Тарас Мищенко,   198  , 18.07.2018 в 16:23 ," Что случилось? Пользователи смартфонов Meizu, Xiaomi, Lenovo и других китайских производителей начали массово жаловаться на работоспособность своих аппаратов. Например, в обсуждении на форуме по Flyme…", Обновлено: 18.07.2018 в 16:47 ," Приложения Google перестали работать на некоторых смартфонах Meizu, Xiaomi, Lenovo и других китайских производителей. Почему так происходит?"
229,Сергей Кулеш,   40  , 18.07.2018 в 15:51 ," Кинокомпания Lionsgate Movies опубликовала второй трейлер фильма Robin Hood / «Робин Гуд», главную роль в котором исполнил любимец молодежи Тэрон Эджертон, он же Эггси из дилогии «Kingsman». Как видно по…", Обновлено: 18.07.2018 в 15:50 , Второй трейлер фильма Robin Hood / «Робин Гуд» с Тэроном Эджертоном и Джейми Фоксом
230,Игорь Мозуль,   87  , 18.07.2018 в 15:36 ," Новое исследование, опубликованное на днях в журнале Nature Biotechnology, утверждает, что технология CRISPR не такая безопасная, как считалось ранее. В частности, речь идёт о новом методе редактирования…", Обновлено: 18.07.2018 в 15:36 , Исследование: метод редактирования геномов CRISPR/Cas9 опасен и может вызвать повреждение ДНК
231,Максим Андрейчук,   81  , 18.07.2018 в 15:00 ," Исходя из названия, новый Redmi 6 приходит на смену Redmi 5, представленному примерно полгода назад. С учетом того, что прошлая модель оказалась вполне удачной и была тепло воспринята покупателями,…", Обновлено: 18.07.2018 в 14:45 , Обзор Xiaomi Redmi 6: еще проще
232,Сергей Кулеш,   24  , 18.07.2018 в 14:48 ," Специалисты кибербезопасности ПриватБанка сообщили о появлении в Украине новой мошеннической схемы с использованием поддельных писем о “случайном” переводе денег и поддельных сайтов,…", Обновлено: 18.07.2018 в 14:50 , «ПриватБанк» предупредил клиентов о новой схеме мошенничества с использованием поддельного сайта Приват24
233,Сергей Кулеш,   28  , 18.07.2018 в 14:26 ," Компания HMD Global представила новый смартфон Nokia X5, который стал вторым представителем нового X-семейства после модели Nokia X6. Новинка отличается характерным вырезом-челкой дисплея в корпусе,…", Обновлено: 18.07.2018 в 14:26 ," В Китае представили Android-смартфон Nokia X5 с «челкой», восьмиядерным MediaTek Helio P60, двойной камерой и ценником от $149"
234,Владимир Скрипин,   27  , 18.07.2018 в 14:11 ," Разного рода достижения и успехи в тех или иных областях не радовать не могут в принципе, особенно если за ними стоят украинские изобретатели и предприниматели. Только на прошлой неделе мы…", Обновлено: 18.07.2018 в 14:11 , Украинские дроны Luftronix готовы взять на себя подготовку самолетов к вылету
235,Вадим Карпусь,   30  , 18.07.2018 в 13:17 ," Студия Hello Games представила трейлер грядущего мультиплеерного обновления для игры No Man’s Sky. Оно получило кодовое название Next. Напомним, игра No Man’s Sky была представлена в 2016 году, и это был очень…", Обновлено: 18.07.2018 в 13:12 ," Опубликован трейлер обновления Next для игры No Man’s Sky, добавляющего долгожданный многопользовательский режим"
236,Сергей Кулеш,   31  , 18.07.2018 в 12:45 ," Сегодня украинская «королевская битва» Fear the Wolves должна была появиться в магазине контента Steam в режиме Early Access, однако этого не произошло, так как разработчики излишне оптимистично подошли к…", Обновлено: 18.07.2018 в 12:23 , Запланированный на сегодня выход в Steam «королевской битвы» Fear the Wolves отложен до конца лета
237,Владимир Скрипин,   90  , 18.07.2018 в 12:22 ," Сегодня утром основатель компаний Tesla и SpaceX Илон Маск публично извинился перед британским спелеологом Верном Ансвортом, участвовавшим в операции по спасению детей из затопленной пещеры в…", Обновлено: 18.07.2018 в 12:46 ," «Это только моя вина»: Илон Маск извинился перед британским спелеологом, спасавшим детей из пещеры в Таиланде"
238,Вадим Карпусь,   30  , 18.07.2018 в 12:09 ," В ходе международного аэрокосмического салона Farnborough Airshow-2018 ГП «Антонов» и швейцарская компания AIR-ION Technologies SA подписали «Меморандум о взаимопонимании». Согласно этому документу, компании…", Обновлено: 18.07.2018 в 11:45 , ГП «Антонов» вместе с международными партнёрами займётся созданием БПЛА (включая воздушное такси) и модернизированной серии самолётов Ан-1X8 NEXT
239,Владимир Скрипин,   67  , 18.07.2018 в 11:43 ," Наиболее прибыльным электромобилем на рынке, к удивлению, является самая недорогая модель линейки электромобилей Tesla – Model 3. По крайней мере, так утверждает президент профильного…", Обновлено: 18.07.2018 в 11:43 , Tesla Model 3 – самый прибыльный электромобиль на рынке
